Product_id,Selling_Price
SCHE4YSTDVPVZVXW,3648.145297
ACCEGCATKHNRXUHW,2324.716634
NKCE6GJ5XVJDXNNZ,11007.12726
NKCEB8BK3ZXDHDHM,8932.090438
TOPEFDXSAHRNPF94,5520.683731
ACCE558KZHEPZYMG,8946.308133
ACCEAZCVAMFHDPY7,5061.706389
NKCDYNY37JPBGBVM,2839.344402
NKCEY8KWY33FCUYD,7066.133786
RNGE4YPTQYRECV9J,4587.775236
NKCE88AHBHJZREXH,4142.443924
CLTEJ5ZZGBP4JGGE,7465.383188
WATE3NWH5FZWAMDA,7649.181476
CAGE53FSFZVFPFHQ,2227.938468
PCSEAKVBFFPGCHNZ,4016.560305
WATDFFH3KJYBTYGG,7163.571026
NKCDWHFQSCHHYZMP,3096.304755
RNGEB2PG3Q5RKDW6,3533.65328
NKCE5UY9HHPZGGUZ,4499.260303
KTAEHETW3ZCMFMJR,4014.91119
BRAEBBYRVF9MHJHU,7206.257895
NKCEAX7HAQ2RJA3Q,9740.360323
CRTECN2RQZWBSP9W,4991.473704
WATDEWZ9UHSEHGZG,9066.261436
PTPEYW8HNV6G9YYR,3149.626543
ACCEAMGZRRYVAHDC,5075.594335
SRTEHHXG8MUXTGPA,5765.678784
SKIE4S4NN4MHYM3Z,5030.73372
HMBE7G34YHWPWKYN,6985.739227
LLIEGTMFJBD7ZZZM,12551.733903
ACCEJGH6JVTM4CBH,1288.985785
ACCDQDYBXJ9HZF37,9391.07764
RNGE88FRGZCXNKUG,0.0
NKCE7M3QNNPZDXHQ,9686.372051
VLBEGFFDP9H6WG2T,3629.19131
TOPEAFG4YEQSH5TT,2784.066505
WATEYAP3K2QQQWDH,5413.266701
PCSEBDFUFJWGARNX,9911.621932
SWTEGXQFZY95SKG7,4842.830157
BRAEGJFXSM9ZQ6SK,6411.157371
CAGE6FYKP34GA4GF,7183.566402
HMBEJCMH78VJF3M8,4470.832024
HIFEB7J3GSTVN5XJ,10041.393733
PBXE6ZHNGZREWWHR,4693.180054
PCSEAKVBNXFGZBKB,6654.710209
BRAEBBMQQNZ9RZWR,5647.882148
ACCEGKFCXHZZH44S,591.434956
SHODXQRRGKZ74U9M,4428.161357
DREE2Y6DVEKVVQQS,4454.369552
PBXE8ZHHG5Y525BT,6733.192352
CTTEH9FXZHGFKUA3,7797.876427
ACCDXFZXGQTBTM6N,3878.041046
NKCE9PFF3TT4KSQJ,7461.43033
BRAE6NZAZK77HXZK,1319.549621
NKCE4TV42BHDP63U,3591.428135
AIREDGGD9RJPZGYW,5476.025152
PCSEDAPMHR2HNHWP,7956.916334
PACE95FMAFXHZB5C,4575.743052
WATDG4KP445AV5XC,12746.278353
ACCE9EYRRNZYZUBG,0.0
ACCE8XZMAHNC8JVS,0.0
SHOED5DCSTQKZCGF,3801.044546
NKCE64Z4NGBHNAY7,3761.311919
PBXE8WQTZ5GA2YYQ,1393.328626
MUGEGZUMGYAPVSZH,4730.209837
PBXE4RB3Y3GXWPFV,284.414752
PCSE2ZFDJJGFNHC7,347.865926
CRTECN2QT5HKHZ8F,4886.052107
MUGEACY8Q7ZYSTN8,2054.33339
ACCEGG9VGRMQGHRD,7066.782487
PCSE76X48PVSDDVK,1670.397736
PBXE6677X2D6UFZZ,5765.211687
WCKEGGGD2TXHHTJC,0.0
NKCE7MMGF4PPGNA6,3047.238406
CRTECN2QYTPHK5YQ,4952.512267
OIDEJFCWMMR6JQBE,5706.824498
WATE5HFY4MJX6CHD,5458.853053
DREE4FC4TAR8M5GN,4573.742482
HACEGPF9DZVUZBFY,7846.947544
PBXE4Q7YF5KUYJYW,10942.982128
SHIED9YEH65NSA8N,9734.571232
WATDHMQJ68MVBRFV,12524.587597
HMBEGWTFEV4TF2RH,3413.028782
SHIE2FH7YTVDHFGT,3255.239722
CRTECN2QYRY2KWZF,4436.954106
TSHEDJXPN4HNT2UP,5935.409011
SHOECZH5WGBZHZES,2926.216457
NKCEDCT9MSAYG6H5,5289.61233
SOCEGGVYBTZPKXVP,4721.146849
PBXECARAQBCDSAZW,3784.031945
CAGDU85YDHP9ZJH7,2794.099226
TCVEHSMFEGNCAGYN,4974.750388
RNGEDAPFZ2GKRUER,1070.099259
CAGDY9Q7HSNDHGFC,3882.196374
NKCECKHYZVHBQU9F,0.0
NKCDQSVCRH8W73GF,6376.252002
WATD9H76RKGUUZHY,13117.385872
NKCE5HYVDQVATMKF,2306.489372
RNGE9GWMKVHGEYZG,4217.969463
SHOEAGUMMWFABHUT,3485.199524
SWDEGZMPYQGNEBHG,4994.517922
TOPEFDXSHZPHCUAU,8598.554127
CAGDU85Y85GDJGUD,1638.774644
CAGE4BQXK3FSTRRS,3685.945081
CAGDZVGTV3SMMMBY,5182.777132
BEOEGXRVQPCKJHYC,3850.174458
NKCE9YFBBYBM88DR,3542.983617
DREECZGZVWGQM23M,4488.296649
PBXECYF3YHWYG4UN,0.0
WATEBG8FGBPUPKCV,5013.384952
SHIEEJG9RRDUH9XG,3493.811823
CRTECN2QXAPEWXSF,2836.709333
BRAEE6YMSYPNCUX3,1764.633403
WATE9MVXJXHZHEJU,3433.443178
RNGDREYRQQGZAPQM,5412.896971
CTPEGGFSNDQFAAVE,3764.029289
NKCEF2RFAPHSHZZZ,4198.397956
TOPDYAZZG5NU7ZBZ,6849.652811
PBXE7QPWMSS5XGPZ,0.0
PCSECV3FHFAQ9T36,11257.911786
CRNEJB4NBT9BTM84,5136.338051
TSHEHU5RFJCTJKBV,6661.613462
DREECZJC3XBKGDZT,5332.372815
SUDEGGATGYXA9YBC,11330.390399
BRAE8WYHTVZMFFHS,5507.375742
SFFEGZBXTYFSYJQA,4225.585726
ACCEABVYXNHCT8UE,5377.876097
BWLE6SJE9PXGV6DD,1613.389066
NKCDYQ3RHYREHHYV,3993.790284
NKCECDCRWDMZEH2Z,3347.38761
SRTEH2F6HUZMQ6SJ,6569.628846
BRAE6KWFGZFXKPPB,3564.178829
HACEJQY5FQRZZUGM,8087.046584
CAGEYUXVF2FNARKD,3526.046188
NKCE7M3QTHTCGVVF,4235.80499
TOPE8PBFNH9YNHFK,4920.658199
BRAEDQFRZS9QFYTQ,1944.706089
HMBEJCMMQR2JHFVP,2381.550998
ACCDRFVG52PHVRSK,7107.249857
NKCE7MBR4QRBASDQ,3460.667331
NKCDWBPZNZU5K2QZ,3655.53077
BRAE8HMQATXFHFGZ,3568.232579
MUGEAGGKEGCPWWPN,3622.895579
BKPEGXYWWJPETZZA,5298.027048
SGLEGBV6ZNUJNJS9,5865.820314
CAGEYUXVAKNKDUUV,6385.813863
NKCEDH9ANZGDAUWG,3279.799236
NKCE5EHJHS38BUWB,3562.660064
PBXE9YWGRFUQXHQH,11816.599593
SHIE3QDHP5RDGMZY,2988.914516
RNGE9HDVMPVBYPGJ,3443.798845
SCHE4YSTCUUSJWCK,2442.351223
SNDEGGTV9XERMGHH,7030.264972
PBXE92XFUMB7QWY6,8003.176381
CRTECN2QYK2R2PUS,4334.672414
TOPEEEPVYHHF9HGW,3524.136617
MUGE8F5RDEYMH4YH,4060.082289
NKCE52CSJ2GUY64G,2017.129496
SHOE2K68QHZ3DWZF,3930.195506
DREE9YJHZZHWHAU7,4090.375764
NKCEACYSHS4MGKGY,11926.03044
CAGECT64KH6CZVMR,13062.100706
WATD9H76RG5FQT5Y,13367.353718
NKCE5UY97ACC9QAZ,0.0
LJGEG6UPBW8GKPRD,4592.032008
PBXEBFGFRM5797BZ,4795.006401
RNGEAY8GRWYMYSAK,4984.448192
SHOEF9G8WTWGAAFB,3651.153453
PBXE5ZJZSAC73ZED,8294.091829
NKCEYYX9HJWJXAA8,3732.074243
CAGDTFSHTF6TRBFZ,4575.632575
PBXE6E6YDZDNVKQH,1339.161473
TROEGNQDQNGN99PJ,4489.700491
CRTECN2QXC68CTUM,6240.274338
CRTECN2QZNXTGGXG,5269.549194
VANE4VND2XHZRCNT,1687.348066
NKCE8SESMHF2VSRM,3940.566133
SHOEBYY4ZDWGQGEW,7389.276818
NKCEB7935AJSADGR,4006.121987
SHIEBAXYS3FUTX8Z,6163.42733
NKCE2YCPKAPWDH8C,3076.266873
FABE92NVHZHSFHGT,3562.887022
SHIE93YGTRAV6XTW,5576.722653
CSOEGTPR39XZHZJY,5153.182575
WATE5HFYHPFHRCHY,4931.647955
BRAEBHCHY6VVRNRQ,2221.543123
NKCE5QPMUZRQFDAZ,2241.440716
NKCE9ABEE5HDWZSM,5771.453997
SHOEJCZ28JFRY9RR,5788.9265
PSLEAVTQQXEXZYYZ,4749.841632
SHOE66V8UMNGZKYM,1633.089343
SHIE5HBGWKWJWFRA,4036.881535
TOPE4HXDZHPR9K2C,1984.706899
BRAEBCTWGWYRWXHC,5281.384325
TOPE6ZCJBVZY3HBH,5120.213673
CRNEG7BKMFFYHQ8Z,4717.337616
SHOE7DJBEPYGQPHF,3956.021055
ACCEHY86UG6B63AZ,4869.806271
BLBEJR23J2CTPFAU,5986.786832
ACCEEV5V5VD5DR9C,1221.837125
UMBEJZFHE285UEV2,5848.915468
SHOEBN3FFYG75P3D,3141.418849
NKCEFGFURYNWH2DR,4022.789116
ETHEJG7NW4M4AFCZ,6519.192218
SWSE9UH4KXCHZHRJ,3756.026291
CRTECN2QZ7XUGBR6,4277.538986
BRAEDNX2NHZX5PKN,9013.649222
BRAE73KFJGNSP2NP,2353.952554
MAHEDFPZVKF79JVQ,4018.066313
NKCECRQY6MGHBPQ3,8324.586694
CRTECN2QYYWUXHRP,3416.907584
CPCEKY4TKBYFE7PH,5480.056309
TOPEA8HNSZB8VGUR,2722.907536
TOPECJZ4ZDXQZB4A,5227.013029
SHIE92XGJHG4HH5E,6000.532271
CRTECN2QVSZXUG7X,4959.416293
BRAEBBYRUSRHZD34,7205.313403
IFPEE76BG92E5SVS,5725.490845
CAGEBZ7UGCZZHVTE,0.0
CAGE3GFTPMNXPZAG,725.852344
SWTEDX3KRCTNHUGY,5677.168391
BBAEFKXVXVM8SYZW,6937.175818
PENEGZ6RHFWHX7JX,2136.466332
ETHEGFZFQT7ZCH3U,3534.59067
TOPEE2FFAXQGSUZH,5214.391799
CRTECN2QWAGCHYGC,3981.45318
SNDEJGWQSWNHXXA3,10872.666011
BHGEGTAVKNNCPUGG,12549.167584
BBAEGNUNHHZEYSPD,0.0
NKCEANMPZYMHYEA3,0.0
RNGE88Q9FH632SHU,2559.957417
SNDE7PY9TG8P7YYR,1473.072698
SNDEHZQ7YZAHAZYP,4813.991002
CRTECN2RDAKXQHYH,3785.718045
SNDEAVZ4MSGYFBUD,5718.387942
RTRDWBPC23ZAYMSE,9799.934742
PCSDYQEW5ZMFBVFQ,10502.335666
DREECZJBH8KGCZHT,7884.180278
CAGED654SQMMADH7,2320.872584
MFLEYGFH8PFBVRDG,5101.289504
SHIEBWNUURZ8BWDZ,4229.146514
BRAECTFYXKNAVFAN,5662.555894
BRAECBVGHCB2FN49,4798.334932
SHOEHX7CGSEMUENU,2721.803061
CRTEB774NHSDW3DV,2689.398998
VLBEGZ7SZFZBUGBZ,5833.938179
BRAEGJFXGYFPGHYG,4899.743318
ACCEGKG4S4B7QGGT,2201.33698
BBAECKHYXGE3VJXB,2083.875834
BBAEDVYSEN75YZZ7,6468.975377
RTRDYZCGGJFBU6XM,3697.706935
CAGEBTJBB5X8GCF8,1102.453788
HLUEJQ3UVGNXSPZG,7347.579248
NKCE8RB5WSWKJPFR,3992.014286
BRAEDFYYKNGBGPF3,6493.404214
SHIE2CAJP6XBWPU2,3972.8892
SHOE2GUJW6XNFG3W,0.0
TWCEJFXHGDSG5XZV,6520.950252
NKCE9Z2JYUYZ2JZ3,9723.108004
WATE54YZWYXR6Z7J,11822.057759
SWTEEYFFFRWGKZR5,5643.476182
NKCE6NHRGQJHWFDK,4915.469424
NKCEYM3B6ZP3YSQQ,3852.421692
PAEE8AHWJWMDAXZU,7446.197054
RTRDZK8XCUEKZDFZ,0.0
TOPEHZMHJHEMRDHY,3287.765406
NKCE9AZMPE3PJPEW,335.94014
BRAEAR7WUYD3CZAT,2814.687447
BRAEG7AYZAQBS3EH,6188.119907
BRAEDQEEYYH4WRQK,4724.245386
BRAE4F8NCQJFTGEZ,5559.722359
MUGEACY87HUCUYCD,3921.462509
BOTEDSEN9ZSFUUAQ,421.913593
WATE3GEYE8JQT7WM,5580.94826
TOPEB96CYHMPMDKH,2949.127755
NKCE5QGT7GFDSUZK,2248.901708
VESEGZRVWZEYTVMG,7045.061196
SCHE4YSTHJSYEJHJ,3305.021972
KLSEGT5ZUGR9FQXE,6343.216786
NKCE79CGHYMSS7GH,3509.647155
JEAE8CZGJ8PGGHRQ,1167.438181
SHOEC8QGWFF2VXAN,3089.620867
SHIE6G75RNDQSGUQ,2349.193614
SHODZ5YHTEHZTR3V,4181.86013
ACCEKFVVZJMTYWPK,3795.049129
DRPEHGFFGQTXK3E3,3303.594459
CRGE4XJBHZGHJYGU,6728.859959
NKCE9Q93F3HJYGZT,0.0
SNDEGJFV5J8CTGJV,8034.695523
SUDEHYGUMT6UGYAR,3615.162454
RNGE7M92HQECSUYG,6371.532296
TOPE7ZHYDE2MKNHF,4387.75215
NKCEBHGBEABMWDKA,5387.713707
PACE7ZNHBP4FASAQ,2894.971901
NKCE7A3XXTTBHHC6,4158.461252
WCKE2TFYTHBHTP5B,5121.630006
BRAEDTPDZSCRZCYG,5455.629303
SHOEBKEYSKS87GKG,3653.195184
CAGDUGFYGG2KWWK7,9870.033496
SHODZDAE6FKCC8AH,0.0
SGLEGBV5STVHGKTD,5691.600617
RTREBVK9HX8XJH2T,0.0
PCSEAKVBGC7CJQZT,9856.024
MATEB88T7MVJGSG5,5497.885948
WATDJYPXKHPPNGQK,7370.549335
BRAE8QNFFGWGG5MY,2287.433763
NKCDWBPZZSYWKHE9,2384.767915
USGEJPQHT8YPZ7D8,3307.827206
NKCEFKBYHXQ8VVF8,0.0
SHOE4JCEZDRSHC4S,3398.540854
ACCE9E2RT56M3GSU,4514.385853
CRTECN2QXQGJ7JZD,3904.941644
TOPEBS26V3JRYSF3,443.877487
NKCECZNMRRVZ9YWF,0.0
CAGE75QCGVXYV78T,3143.211272
WATDG9F74GYWEH4U,6865.600357
BRAE3WVQPYSZ54FF,6437.451633
SWSEBHCP9JC4GQKT,4555.869546
MUGEBJ7XAFVH25VD,2651.131553
LJGEATZRDCFAJGYZ,5784.699916
BRAEBXRB8GFZ6HM6,4459.4398
RNGEDAPFZWSSMHYW,2541.903906
DREEHFABXP5AUZA8,5343.550357
RTRDFFYGJ4GNRSHQ,9117.946227
CBREFYM9TSSUHJSQ,3055.965533
PBXE6EF4PSJX9WXH,4148.12445
CRTEHSS9UZJZYMZD,0.0
DRPEHYHG9YYHD2HH,4603.704374
CAGE9AGR4VWWTDY4,7375.245719
AVCEJCJQWBYMNPGU,2600.942983
BRAE7T3WADAJU4ZS,2476.93696
TPYEGGUFSKXJFYY5,6826.895185
SUDEHYGU4GE9UCXJ,5437.973316
FABEB2TXH4MGQC2H,4993.131311
NKCE9G2BZAGKXPGY,4519.933043
TOPE8H5DJWGAY2CD,8856.373092
BBAEGGF3HF3ZPBVG,2194.724118
ACCEC87TREZYJJPE,6363.037931
DRPEHYHMEZHDYRK5,4104.086063
NKCE5VAAPVP5DGMZ,0.0
NKCEBZN92EJ7PDFH,3693.956143
ACCDXFPYT58AGGAF,6971.518522
MUGEGZUHX744RFEN,5546.906763
RNGE8Z3KSHGCMSCP,3186.215254
SHIEYZ3F3QWMYNEC,3422.985409
SHOEJCZ2JNGJSPEJ,7785.730191
CRTEB774RSGGQZ9U,3645.006388
BRAE8AJZW5QBNWAZ,2699.826734
CRTECN2QZ8CWZEFZ,5549.993559
SHIE9FMZAH4U4H6Z,0.0
CAGE68FFYRMDRF3X,8403.347177
NKCE3GNVPGUYY8AZ,3503.498508
PCSE4ZQ8TRUZDMEU,1889.489841
PACEC89YGNYZCMC4,1376.318452
NKCE9YX24KHRDNHG,3237.295344
FABE88MGUBPCQWR8,2788.41713
ACCEH74HAGTY6W8P,1271.359611
NKCECGVARVRMARSS,6397.172164
CRTECN2QZXFVEPGG,4355.776083
NKCEC8AZQUFGUXGH,2507.052762
SHOED6C5ZGCBKTP2,2970.992587
RTRD7HN3BBE7G9YT,3850.839374
ACCEA8JPDNTF7NZN,5755.434831
NKCEBHGBAFBCXXYC,1572.100703
PCSEC86VGEWVKHWZ,12899.609128
SHOE3URGYEVZ55GD,3066.366756
NKCE9PFFQHU7GTU7,8799.927902
CRTECN2RCH9CG4SA,5846.904074
TSHEHU5RWUGEAJFE,5249.912723
PBXE92G5YEA7JAHZ,5281.576473
ACCE8XUCYRB9ATHZ,4410.0733
CRTECN2QWEDYMDNQ,1266.821862
PTPEYCF7GZU2T54E,2620.630931
SHOEC9FZ3BAF7ASF,4179.102518
CAGE7DSFQGVEGHC8,6099.340909
SHODUMFYWTPDYNX6,5070.855969
ACCE6P3BBZD72UJ6,1143.630386
NKCEFG3CHGEHMRTD,3340.227218
RNGEDAKBYYVCFWZP,7164.005344
TROEGZ65YHBQKG9T,5723.462911
BRAEDSKCXVNYXGA6,5096.73649
NKCE9ZVGMHZVTF2D,4674.275685
WATDUKHHH4SQXDAK,5173.542966
CAGE745BJ67RZCRR,2853.901471
PCSEAKVBNSFWGBGE,3245.46372
TSHEHV9TPRUBUENE,4612.49694
SHOEY8RMVZV3UY3A,4026.287693
TOPEGWUTW6GWYSBE,2566.844814
ACCDQDYBYVQZNHCH,8332.50477
MUGEBFGF6MDQGHBG,4209.155188
CAGE6HHHUHFQSAPW,0.0
RNGE7GVYAP66GRDD,4251.998319
PBXE5SUCYEBBSFXJ,9851.429434
BRAEBBMQZBZHCFAJ,4538.542187
BRAEAC839PBQV9KF,1638.495499
BRAEAW9HT2EUZD3X,2525.055875
SHIE2QTSMSXF9QAH,3897.847468
RTRD6FYYWFHEYJYE,5313.117833
CAGEFPY9ZSFFNVAW,9222.72596
ACCEGKTSGJEEVTZ4,1667.043622
AIREDJCGZN2HKZHJ,3339.943068
BRAEA5MZ8VZHNGGH,7226.462046
CRTECN2QX53WHTKZ,2968.549023
JWSEBCY4HDWGJZBT,4240.640449
BRAEB2ZTVYY3UKWA,2269.345331
WATDZMBRPYAYTP4G,7102.896822
TOPE7WAUFEYYDXKG,9640.133576
TSHE4DTF53HPYMU4,4437.720963
BLAEE3YXZGWWT8UD,6174.62576
RNGE7M925YCWZZRR,6500.635162
BKPEGXWHXG4GZWET,1771.082301
RTRE8GJUFNETVUMZ,5237.463932
SWTECXPHFVTHWJF7,10285.573518
SHIECKYBNNY2BNZD,4457.65956
WATE7GP3JZMFEGZG,10255.691435
CAGE68FFHZRTSZS5,4406.622044
ACCEGYP2TMX2NUPH,5714.117876
NKCE9YFBBNJ82UVB,4276.52856
HMBDRUCNJSJQRRGC,6455.451201
CAGE3GFTQ3UHZ4TC,1023.795687
NKCDTAXF2EYZ7MP8,3408.862012
LJGEYSUNTPQZG4ZG,1460.158468
TOPEGF4KEGGVMSXX,5142.003328
TSHECQKNFFER2ERM,3907.419833
PBXE9YWGTS7NGYKT,2606.47011
WATDZ5HGXEYDHBWD,11602.743278
PRCDVFAFM2FPJBMZ,2183.720428
PTPE2F33QGYXMHGW,4118.578451
KRTEJCZ4M7FD3NJS,3006.217088
NKCEAPCYFBP4UJ3V,3419.273252
CAGEBTJBRFGAUQQB,5244.475219
MUGEAGGKZFYBUMP9,2799.315367
ACCEAZCVGGGWZGKU,898.051157
CRTECN2QVV7UJQNH,5022.476005
NKCDXEGWS7VWXSEJ,3127.243338
NKCDY44FMPNQHFFN,4135.346058
NKCE8JXS2AAKUGGD,4002.663789
RNGE88FRWWZECGGM,6725.143716
BRAE7GU9K3E2PWGC,0.0
VASEHU9W3N9RDPGZ,7175.729825
PCSEC86VSX45XVZS,11734.012863
NKCE49ATF8BFHDVP,5131.746649
KTAEHETVCXXZRXGK,9758.084355
KTAEHE9HAED4VUQB,5361.699975
PACE472CMNPGQY2W,2875.316962
NKCEAPCYFTHYVARD,0.0
SHODPH4GZWVXE5RB,1913.512862
BRAEB3KBY393GUHA,9727.845566
BRAEB2S8RZZRXMT3,2602.644302
PCSEAH5WWRYGEVGZ,7012.778493
NKCEAVZ3C9CRDB6Z,0.0
RTRDZTF9URF2UFPF,8733.60727
CAGE6HYJDNZJVADS,4655.766822
SWSEBHCPZGHMBKJY,3912.723005
ACCDQGVSDZ92ZWGW,3255.558188
NKCE4CSZUZWHUTFS,0.0
ACCEGKFHRFGN6XZB,1216.897927
BRAECGQ4GW73HJFV,1436.308142
CRTECN2QXZ9ETCGB,3888.599492
MUGE6A5HZUJ924WH,2707.81937
BRAEE6YMK83RB9MZ,1211.851281
TMLED6G5MJQGNZHS,4542.794839
NKCEFGFUZURHNH6R,3189.936993
NKCE7ZPRQX9SBZXN,2782.742713
VANE3KUFUXF2CVHU,5159.345738
NKCED6EYN4ZPK9AA,7691.155809
RNGEDF5HDGKZGA3T,3149.170483
ACCEAZCVVFPBJAGB,2717.56851
PBXEDCSE8CHTATYY,4712.192453
TOPEFYB6HRPPCD8R,6810.231087
RTRDTSBQW94HJ8VT,0.0
NKCEYGTGJ65HSJ9Y,2696.77645
NKCEFFFPGEJSTBJP,0.0
NKCDYASFYGXZESTM,3577.167193
NKCE6SR4H3EHXWNA,4047.656124
AUDCY8T7KPEG3ZZF,5781.641106
NKCDWBPZCHZEYT7S,3670.984052
NKCDYARBFFBQYKFH,3963.365902
TOPEBZYTWUYMJXSG,5236.071002
DRPEG3ZH7GJFFZDM,6305.60217
SNDE6KNAQN3GFRQG,7120.884141
WFCEHYZMGJQWVVZU,5383.342901
ACCEGZ6BRBTGQWZY,4376.935139
CRTECN2QXH4N9WZS,3028.070367
PTPDZYCEDURXTYRF,2321.844668
ARPEEMC95HMYAJNH,5546.700826
SFFEGKYYDWTZTEQC,4409.724153
PCSEC86VCFQYV6QG,6336.664461
BCHEHYMBZQ8ABUUY,2140.771771
RNGE87FCQJ9GRKWZ,4857.489922
NKCE5ZHWX6Z8PBFH,2481.579211
BRFEJYHNGYSX9T9D,3567.133551
TOPE7ZHYQFFHPCBX,4675.499788
CAGED6YFBH8NZQM8,194.500642
STREDF58JH3GQZF9,3195.211875
BRAEA5MZDQKHUQCT,3440.716343
MUGEBFGF6ZUHKH4C,1215.01125
CRTECYY4GFDJFKBD,4960.646142
WATDZRZGZAM7HDGV,6317.889483
CRTEHSSCVTZ3DB72,2403.663041
NKCDXZGUZKNYVXG9,10964.380381
TOPEBN6MZNGGZEMY,10028.193918
MUGEACY8VQRMM4FX,2702.304929
NKCE5UY9HQTQ8TBG,7385.918777
SCHE4ZYTVE8DY5PP,3732.893939
RNGE9GWPJH9MMNWX,5555.841029
CAGE8FG3CYVFG2GM,3041.723405
SHIEHXZMQPC4GT6F,1436.083759
ACBEHDU9Z9DGZP9Z,5305.259064
BRAE6KWFPZWJ2FHH,2269.338633
TSHE8CAWEGE3CUPM,3908.481555
SHIE9J6PFGP9DZAH,4200.795388
CAGEYFZWNCKDDXXQ,3299.376696
JCKEEABZDWF9VU7N,7007.411011
SOPEJ7SCRS3SKFGP,4312.971396
WATE9MVXHMTCFZSP,147.074062
CRTECN2QXMXFUYRD,1934.492865
RNGE96Y49HCWGUGH,1560.772879
BRAE9RDQYNWZBYJF,2343.269928
RTRECFHX3TDFD9SP,7897.903568
BRAE59YTMB36ZVFG,7728.180031
ACCEGZ6B9MYUTYST,6293.626054
SHIEF8DUHZJP8MVC,555.7033
LJGEG52SCZ5WZBKZ,4881.002235
SHTECN9HDECRYPF8,6673.84235
CSKEH3JPF4EJVBSF,6662.866015
BRAEBBYRYT9WDJRQ,1485.743135
SFFEGGJYFJWAV4HV,3844.882547
CBKEHGUY3GEHDSFY,5409.433459
NKCE73V3DADAVHDU,4091.954921
TOPEGF6QDCGCHHXY,1459.26641
RNGE3YSWFWYYHNCA,5261.56874
NKCE8HSQJQBPRSGY,6188.739403
CAGDU9C3QVCBMQKQ,3774.440457
BRAEDQDFMNC6MQZW,2915.581044
SHOECB92BGNGSZGZ,0.0
DREEAVBXKQUUVJUT,4546.31268
WCKE2TFYZGPGDGGV,4532.824011
CAGE9AGRUGPHV5FM,6698.842889
BRAEBB6TT8GKVG8A,2550.865216
CRTECN2QUCSMF4SX,3140.007996
BCHEHYUKDZZPZBH2,2565.897116
BRAE8JUHJB794RZY,7049.596327
BRAE4DJMZCWYGDJU,5035.899128
GLSEJGVBRQMYV7NE,6798.671129
NKCE9Q93HRESPRBU,5796.939323
NKCECATQF8ZXGXJS,0.0
ETHEJG7NHGRFGHHK,10491.269136
NKCEASCZBAEB2Y63,3111.811695
ACCDSY8ERUYRYSUA,3764.35559
BRAEDH76V3J4FBWQ,6293.867161
HACEGPF9FJFJQU2R,611.831477
ACCEGBTPV5PPBHVD,5656.858589
PCSEAH5WCDGS8YCZ,3001.056936
RTRDRUZCPNJ3MTAT,0.0
PBXE68H4WBX5AFCH,3506.093699
RNGEHFDYHVSR3SMH,3285.475629
DREEDR97ZHGNPWFR,5551.473619
NKCE9ZGXGSETFAZU,3267.718217
SWDEGU4MDSDGGJHN,1638.049964
PCSE3X2TJCZGDYYZ,15507.380501
MUGEACY86QBJGTZA,4345.4489
CRTECN2QXC7HYKPG,8170.250139
NKCDTAXFXWPKGZAN,0.0
USGE9ZHVSVH9FVHP,1806.478182
TROEHQYAHGHUEXXZ,6159.665018
NKCED8SK6UNMAZST,6487.693404
TUNE8XCD5NGNPDYJ,3399.867798
KRTE7X8NADSVDEET,7382.29434
FABE789N7XA5E9GY,3846.350257
IRNEGYYU2ZVJQQ5T,4773.326645
ACCEH5Z2YUKYQBFP,4492.917574
FABEADKAG5XYGZHK,3212.904291
BRAEDSGAUHAZHBY5,5856.607993
CSKEH3JPCEGTMZFP,3829.476189
SUDEGVG6YTPMYPU4,2404.316058
NKCE48ZU6EAYFSCM,2553.921172
SNDEDFE6QPNQRAXF,8547.552915
SFFEGP24CR5VDNZC,6774.566304
TOPEGGE5GRFUTGGB,8161.199276
EMLEGMZRZGDARGR8,4180.111337
CRTECN2QVPG3DY7K,3250.504109
MUGE8VY8HZAM3ZRK,1214.00238
SNDEGAJFFK2KKKRF,4521.776967
BRAEDASWQDSYNUV3,7192.514039
PCSDY5AHM2SEJM4K,5820.706274
NKCECG6ZNH9NXFFH,4273.702359
WATECE855W5YFE3H,3190.156886
SHODWMHHCXTD47NQ,5248.503449
CRTECN2QYCZPHYHH,3133.714845
GOGEHZ5P6TWYBFXB,2799.518079
TCVEHSMY2TNTCKNC,7473.922001
SFFEH2FGABYNF47W,5243.030387
MUGEAGGKZFD7ME7F,2040.603099
TOPE7QTUGVGEFKH6,3897.490977
TSHE4S26ZSFE9JTB,3718.032262
MUGEGZUJBNU4Y2CH,0.0
WATDUNJ7PGYUWDGQ,8276.712912
NKCEAJKYW5CDKBEV,9110.752994
PACDZUDMCHKDHGXA,3476.569031
BRAE8TFHGXKFFMAQ,2010.666794
NKCE87C3JAXKXZRJ,3167.47104
NKCECQYZ24MSM3ZZ,3916.694264
SNDECZJR6APCXEZ4,10450.20305
TOPED9T3FXS8CP8M,5479.961049
ECIEF7MGVGZAZMGG,5062.331849
SHIE7DFNYZC6YWTT,0.0
SUDEJFBRVYEUZUDH,3225.172349
MNKEYGQMJHGZ4ZRX,2162.532636
BRAE8MVUMSMBMNJS,3560.570499
NKCEBBYSAJKEEQ8K,3157.883618
SNDE9WZJJ8YXWU5Q,8448.54866
CRTECN2QSXEHJHR5,4167.663701
BRAE9TBZWWACJHJ8,3136.646998
SHIE9FMP3RBSYMEV,6274.218694
DREE4DF4DQYMGDJV,5185.35076
NKCECZKQGZXVZ2RY,9498.378417
DRPEHYHKYSXETBBJ,4067.014129
LJGE9UG8WCYXPCHA,4616.856865
GLSEHFUGQRHPBV8D,405.665505
TOPE954FERN5VZYH,4867.858053
TOPE7JZU5WZZVYDT,7905.225723
JWSECGFU8YKHTSMU,3896.728807
RTREF3PRF3M9FMEF,3858.074253
PTPEAT32HSGZFHVY,3570.853096
TSHEHU5RQSZZHSKF,5834.254842
NKCE2RPCN6RCTGDG,6042.960684
ACCE45UGGC7GVAVG,6176.725101
WATEBFPXFYMWJGJZ,8055.915738
DRPEFZDBMRGECGZG,5259.875418
TOPE2HZRFKVVTCKU,4442.790501
CRTECN2QYKFNFXCZ,2467.551072
PCSEC86VEVSKD5ZY,2319.96776
SGLE8YSWHJAGP3WJ,8763.358083
RNGE88Q9HE9RQYEM,8524.937603
CRTEA7HAFUMPQNHJ,4750.981682
TUNEB42QBZHYP57B,9432.956874
MTYEGUA2VUJ9UDGX,9775.032872
PAEE8NDKHJ7ERAPT,6663.411748
SCFEHDJKTM826ZRA,4545.244539
RTRDFFYGKJAXPUUG,0.0
BRAEDQDFGYCZUFEJ,1957.137532
WATDK2G2WM5XHF9S,6483.695973
BRAE3P8YWVZGNYZH,5274.68892
BRAEBKJSNVGDG4DP,3068.520707
MUGE7DUFGUZDQMTQ,2516.995472
BRAE7Y46JXZJHN47,6803.232579
CRTECN2QVB7UDF2P,2961.859485
CAGE76FNT9D99PZK,3253.116371
MUGEAGGKHFAM4YZG,0.0
DREECRS4EHXNA9UH,4241.307254
NKCDU4RZC2AFABJV,3271.183441
SNDECYHFHV7XHZNN,7791.02104
DRPEHYHGSSEPB6HW,4840.627462
MUGEGZUHVZ4Y85DV,3866.605579
BRAEBBMQYHRSZ5JC,2852.663182
NKCEAPCXCP8GZG5Y,2855.862373
RNGDWKZN9DSHFHYY,3584.40689
PACEB7GGJXVVDZFZ,2316.846057
BRAEDQDFSDVTSSWK,2584.48974
NKCDWBPZAJH88YAZ,3522.64354
NKCEB774SNZGVYW3,0.0
RNGE88FRA9DMA4UZ,4011.792278
BDSEJJ6USEQZS3QA,1863.271651
MUGE9HRRKMGKHMRT,1332.408803
NKCEAX7HH7BFTFHF,4166.426405
NKCDUYA5PQWDKMBZ,2724.14363
WATEFWP4V5ZEHZZY,3677.209821
BRAE8QNFXPTNHXKB,6649.028637
NKCDWBPZGZJNYCCS,3782.368091
BRAEDZ7TZNFQTXZA,2470.703084
CSPEGNS9GZVAGRY7,5064.404441
NKCE6XU6DA4HYYGN,4119.118244
CRTECN2QYMHJKQ3G,0.0
LJGEATZSESZPRQX3,3825.340447
CAGEBTGHSVHHWPG6,7392.220098
SOCEJZT8FMXJ8VHZ,4974.88549
FLUEGKG2K93HY9TC,4168.249277
SUDEHYGVDNRHYPTW,5525.813357
NKCECZKQCFGWJ36A,2711.513673
TOPEHZNQGZJYYJHE,771.685224
NKCECGVBWQWGZUVG,2052.510187
BRAEDUXKVAPEV9G6,6947.297965
RTRDYYTZSUUNFFUT,0.0
BRAE3WVQZZUJA4JW,5328.611744
PELEGHQP8GMXYF6V,3676.636243
NKCE9YFCEG5FXMAH,4098.102648
TOPDZGV8GUEXZNUT,4922.902077
WATDZ5HGRGZG4AFT,8828.195559
MUGEACY8DDWFGRUA,2511.043104
RTRE7FT9VKRGNTRR,8151.890544
RNGE7M9279JQH6M2,6184.084609
RNGE86J7VJNYBSHZ,3543.655047
TOPEHZSMJYWRYH8F,0.0
BLAEE3YX3WETHSZD,5935.291318
ACCEAZCVEKWMNSEY,1949.790163
SHIEB7A6NCNJNZJD,4154.108571
WATE2FAHHP3FEYG6,8938.124562
TOPE9PSGHRKUCXKM,5720.925059
MUGEAGGKKDAXEA36,3810.50611
TOPDX9TF4PYJMX7B,3314.538485
SHIE9J6PVG9ZE9M5,4074.886948
TOPDZFGCFH8AMJ4B,4973.977693
RNGEA9ZXDDFHAVMZ,4.352399
PLLEHQV78ZFHTE7X,3127.357354
BRAEDTGQMXYVF7NB,2153.202893
CRTECN2QVSZP8JDW,0.0
KRTE5PEEG7YAGENZ,10667.232987
NKCECGVBKYNJGZZQ,4309.36
RNGEDAK2KK6VXQQ5,7272.219019
RTREF3PGZGTGBHT7,6061.433483
MUGEYYXFNGQ6A3FP,3920.363713
SLOEBHYNHETSRBXN,5722.635032
ARPEGDHSXZJSHGSN,3325.298477
NKCECPHGBUZPN2KU,5705.870405
VSBEGBH9QBHT2MQF,2205.315381
BRAEB2ZTXQQTYTEP,2578.312224
PANEENEMG9NPM2QQ,658.1324
SNDEHZQ7MMN272VX,4095.024127
NKCED2ZGYAP3UKJY,6128.092186
PCSEC86VKYNCPSDK,2403.038517
PBXEBYHYS3UXVBE5,4653.550022
NKCE8ZJ2PXWJQZZX,3202.463166
AIREGHYGSZKZYZBB,4197.868292
HMBEE965MNXMUSFY,6366.046041
HAREGG26JVZYCC8B,2341.912903
JEAE2KFRBNFZFWE6,3421.324486
DIAEJUCFFWRXYACA,5446.015249
PCSE76X4U7MFDPUZ,10266.501379
MUGEGZUHAVWFHSER,4937.612473
TCVEHSMFHCPGH9QJ,460.6291
NKCEFNPJ5M9JZJR7,2646.457311
PTGEGUP5KM48MRRW,0.0
KRTECAVZHVTGR2YV,6759.87087
JWSE9KZTWGWKVYYH,6263.664608
PCSE95HXQE744G8Z,5439.942681
DREEGZ4CUZH5CATV,4540.480176
BRAEDQF7KGNJ2EEW,8324.538562
PTPE4P39G9SVGHRZ,0.0
NKCE4PZ6HYWFZUAN,0.0
SNDEDFYPJFHXG98W,3432.439681
TSHEHU5RWCQXRWF9,4596.306255
CRTECN2QYVBX5Y4W,1585.512585
NKCE8HVPEPWAU2HF,2995.329526
PTGEGUZVM4X9XZWG,9090.696827
BRAEDH76Q44DNY23,8120.945185
INKEF7WMPUEH9G4V,3941.155664
CRTECN2QS5JJAFVP,5527.854214
SHOE2FQCE3QFC8ZM,4006.532958
TOPEEEPV4GFFSHJG,5874.718561
PACE43HF8JWNA2GY,3620.789627
PBXEAHTCHTG62WSA,3515.668592
PADEHZFJGQNSEVKC,4050.518974
BRAEDQFRZAAEWCDT,3152.899956
BRAEDSKCJJUEVC6B,1952.425337
WATE8PBFZKV5BYDZ,11105.550716
SNDEHYMXZTFRYZQV,6183.712368
NKCDXYFHPJ4UNFPU,3963.954375
RTRECTV9PSVC8Z9Y,5224.163086
BRAEDXPFA43N8HW9,6992.430164
PCSE4C9YYYYXGNFH,7662.560616
MUGEACY82SGHCHYY,5042.603633
CAGE7UCEDBWHWF48,3599.401459
ACCEDTNRADHZ35UD,2130.709147
SHOECKEYFVTA6E8S,6375.442402
CRTECN2QTK6FRYHR,3293.078518
NKCE7MMG7YSJCBZG,0.0
PTPEDDXTMZKMNXHX,4341.659649
ANKEGPVMFV9BJBJM,5919.377091
BRAE8WPSGGK9DQHX,4236.258978
KHREH26Z6GEDTYYH,2397.062837
NKCE9YX4TREBP4UZ,0.0
SHIEHYHMWMYPDFSU,4524.917763
BRAE7KQVYF75XZRE,5212.142386
TSHEHU5RHTSZSCAY,6238.980761
PAEE8EZHZFKKYMVK,6058.767409
NKCE7PZPCSNSCHWT,4172.616702
CAGEBFPEVT4JFGPC,3564.368086
NKCEBBYSAMV3GRMV,3328.234558
PAEEAMGFHMZW72XN,5719.700914
DRPEHYHNCZXNYFZH,4715.081421
NKCEFAG9U4ZHRHKU,3932.038145
BRAE5F3KGW3JVKJH,2050.846108
JWSEBUKYNF45Q8DG,4951.761475
BBAEGJFRDFNK9FCH,5991.847776
SHIEBY82HGZCTH5D,3807.706009
JUMEHUFGYXJYP29C,8842.30951
MUGEAGGKY7DVDTYA,4076.547035
SHOEBGHJZB2UKFC4,4227.04211
CRTECN2QYUDAZJ8T,2872.194095
WATDEWZ9UMDYPWYC,2682.252862
TROEGZ8QS74W4XR8,9819.108792
BRAEGJFX4ZCMZHH6,2874.768712
NKCECJPCUYJZZQTR,0.0
BLAEE6KTUAEBTDKS,8627.702073
MUGEACY8TXGZFHKY,0.0
BRAE8EHTNDJHDDAD,2025.43854
NKCEBFWTTMZH9MAR,5232.120333
FSEEHXHFG6KCYVVU,6811.568228
WATE3YHHFFCUGZFB,4383.825093
BRAEAM6PF9YRAWWQ,6607.462781
DTHEHTAZPGKDZXWH,4407.276959
BRAE7V2UXPZMDHQ7,6970.97262
CNBEJ9EDXWN8HQUU,4169.317891
TOPECYENWHHDGFCH,3954.188795
BOLEHUEBRTVCGWMK,3894.816418
TOPE8H5DGZH8GTDC,7698.549546
PAEE8G6NHEZMBWGH,7637.434102
LJGEG57E8US6WQWE,3409.041511
NKCEAVVRVBGADAHE,8396.724957
SHIEFZ2GJGAHATFG,2642.27548
NKCDZJB8WUWBH49M,3794.92089
HAREG4928QYXAP3E,7088.124548
PBXEBQGM4J4AWAWF,5598.57114
JGTECTXNVGH5GYM5,5154.797976
SHIECPXYNJ8UHGFN,6926.953703
NKCDWBPZ42YGY39Q,1493.174636
WATD9H76N5WQYVGJ,8469.45971
ACCEBWRHKPQCGJNF,4725.189487
NKCEB2S9MFVUCSQU,2600.542885
CRTECN2QVHHZ5THC,3769.899435
NKCDUEHCBEY7YZV8,2083.977996
SHOED5DCYU8HWRDH,3255.964105
ACCDQDYBKTC6G9GH,8328.346987
WATECVGYJXPGREKD,0.0
NKCE7TZG9AG6F3YB,4383.975395
PBXED6C4RKBW8SRE,0.0
CRTECN2QXHMJ87BG,2874.676785
SNDEGFJHB7XH9YPW,692.898959
NKCEAVZ3ECSBFANG,4429.239415
BRAEB9ZNSUGGSFQV,4686.532953
WATE9CFHPAEU3G4B,5091.850793
NKCDYQ3RWGURBTAV,1495.130397
BRAECRHEHYDVDRTG,2599.808896
NKCED8HZ3VQRHGGF,0.0
BKPEGUJHQSJUZBVF,0.0
BRAECHF3WZHZBQX2,2459.616289
BRAECQGS8RZDBQXM,2195.835138
BRAEDNX2TYZYQQZ2,3906.10728
NKCEDAN8ZMVMTDMB,5467.78261
TUNEBE8ADAYHZ4PG,8186.282289
BRAEDN37XKYGFKGR,7717.422696
CRTECN2QYUBADBHF,3812.051804
SGLEGBV6USTHRNDH,4227.141229
NKCEAPCWZTGKKMGW,3438.391454
NKCDSRPAFNQEXDZG,390.701079
ACCEGNVADAYPFTER,4187.325502
SHOECP78YDYPYPSE,3768.86215
NKCECKHZPB2JMPGF,10533.296372
CAGE79CEHJZX52XS,3549.716559
SHOEH4FSHEDEMVTM,3469.746152
NKCE5UY9JMZP9NGF,6265.814066
RNGEDAKAZXTGZNAM,5669.02881
BRAE5PKZBZGYZEMH,7345.643631
WATD9H76GH2CHZ48,5654.62994
ELWEG4DCHBUNHUAD,5540.598323
BRAEBBMQJ9ARUWCH,2143.682012
MUGEACY8FADKRHPW,2187.271836
SHIE53GCQDQEK7SF,5917.987678
TKPEG2Z2CWU9AHXG,45.394554
TOPEGGA6H622PCDF,2536.351622
RNGEFP2XDHURBWYP,1541.118525
WATE5HFYAAFVDZMJ,8054.927231
HLUEJQ3TART8YBKJ,9416.817418
BDDEH93ZEEZY7CHM,896.381625
SHOECXPMAQXZ3QPH,3968.89901
BRAE8X2ZZMYUZGGU,2080.263936
CRTECN2RCWZTMS2F,2835.000635
PHFEGJGHPSYKMHES,2439.641136
NKCEDHHPRYYZURBG,7206.83099
DSEEHETVWRX9FZDT,1033.477409
TOPE7H6NJKNYWBGN,2864.962224
BRAEAM5DR9NS5XPE,4293.914127
BBOEGP4HM4C5WXVC,1940.158192
TOPE7ZHZJY9AJM7H,6300.088005
BRFEHWGA3B6YEWNG,2653.995449
MUGEAGGKRHSXEGCV,3768.658292
NKCE6TNZZKEGKPGA,4554.579288
ACCEGH6RPWY9DHAB,6031.299671
SHIEBJH8XQ2TEASA,2430.94129
GLSEHFJZGQDR9Y6Q,5946.66429
ACCDQDYBDNZRPMSW,2963.435152
CRTECN2QVH5KUGW4,4134.731922
CRTEB774JMYWBRMV,4365.044475
BRAEAW9HUAWTZGSH,3577.273939
BRAEGJFXJGTRFEYE,2027.635068
SHIECRX5GAVFAKJ7,3071.749456
PCSEC86VU9PMZYMP,7834.426664
WATE8C5ZUTSGNEMF,3391.761211
NKCE2W3WYQZ7TCRA,1192.469844
BRAE7DRSNFESBUYT,5492.196439
PBXEBSMZKB3GTTS8,7577.838612
CAGE9ABAYFMUUH45,0.0
DREE8MF7NWZUYSBV,8764.596315
BRAE3WVQHJWKQZHZ,2345.59189
SHTEB5MNYHJJQGBJ,3972.413422
PAEE7A8QGN6WSYAG,11389.652351
MUGEACY8QAHZFFXV,2565.682956
AVCEJCHZ2GVMBVP2,369.133977
CAGEBTGG3AZRBFHE,3367.15536
TSHEGGCKYG5GGGMU,3486.209982
MUGEAGGKKZBHTBHW,3347.654628
PBXE7NYSPF4FKVY6,3394.097161
ARPEEMCAMGADRCGQ,4420.365156
ACCEF3Z2XMEEJVWE,7466.226621
SHOEFMRZZAXFQW4F,5390.27199
TWTEHH2B5EZ4PK6U,5199.533975
WATDXFGTMYAAZYW8,3691.603444
SHIE9J6PPZ44RZDK,4591.883239
NKCED6EXHFFHUFEW,11812.65983
PBXE78PHEKYZRPSC,9396.913505
CAYEJFYZ6B73NUMH,0.0
BRAE8RSAHXUVA9FQ,2009.258468
NKCE9W4ZNQGHCENM,1668.580834
SHTEDWHGGHUZZTMZ,1722.445106
NKCE7ZPRDS6PZTAA,2667.045783
SWTEDVZZ92PX48ZY,4946.996112
PCSEC86VZVTTBKJE,7820.464263
TKPDS6ZEWH4KF3SJ,7115.137001
NKCE2B57DXAZBYER,2730.419742
MUGE6A5HP6TG9YCQ,2450.924653
BRAEB2S8SVFDT9HA,3637.101222
FABE88MH9NNKPM4H,3736.979809
WBTDMEZTUWBPD5DM,4455.171991
VANE8KP4GWZPNKQZ,5590.545448
PCSE9R7E3AFG7F9H,3493.234716
ACCE8XZMBCKRGRVS,1963.788464
BAAEGHPNYQ5JMZNZ,7272.582379
NKCEASCZT3V6YGJV,3166.172481
TOPEYJZ7PUP4YRP3,3151.484601
PCSE4VAVUPCMZZ7A,4400.156499
BRAE5F3KHHPXDMUR,2947.539143
CRTEJU6FJTEHSVTR,5187.551739
PTPDVPFYEKTVFEZ8,3088.25859
JEAEHYZRRZDZZNWT,5665.752206
JWSDYFUFNYBSDY6B,1271.985327
CCVEFX3XNKFEF843,7098.946577
PACE66XREPHDU3NH,4504.183288
SUDEGGB3E5K4UNYW,294.787649
NKCEB3ZCW2HXUSFX,2184.902171
PCSEBFEH9XA3B2DF,3367.586507
BRAEBCY3JXSJFNZH,2629.337898
CLTEHE9GGXJKCWCV,4788.456021
CAGE5QJG2PSHZA28,0.0
BRAEFR6JZXBQ9NJK,7895.624796
BRAEBCY3V4ZR8UUU,6172.370797
DREE3KKW8HYZJHZY,3812.893411
FABE92NVVHWSKHAX,4645.019374
CBKEJ3AZYYJTEHK6,5215.956754
SHIEA6YUZCDGZUCG,3994.664797
SHIE9J6PYBXBYHRZ,2509.363354
FABEADKA9VBM9DTM,4582.962802
BRAEB2S8TG98KYGJ,9377.930278
CRTECN2QX4FC2UAC,2937.388647
NKCEAQPGSPXZDCSA,5721.594159
NKCE5TFVHZDZTAYH,3729.554902
BRAECCDUHY5DYWFW,3042.434312
NKCEFFFP9THXHT7P,2501.803785
DREEAVB2QKSZN4HH,4106.123564
SNDEGSZD4WHWUEPU,6529.381186
NKCEA5FHH53NDT9H,4360.53164
NKCDU4RZYTKBTQPC,3168.815606
MUGEBFGFT2CSSGVM,1830.001527
PCSE2ZFDQHP9ENMD,7917.559703
SHOE3TZMQHKWG7TT,4848.740991
SOCEGHFY7ZZ9G48G,4109.070045
SHOEJUQGNBAHYR3E,6336.426259
PCSDY5AFFHEADFCS,7491.534596
BRAEGJFXJR4GPU2C,2360.546924
NKCE5UZHWVVB7FCU,3566.383244
BRAEBBYRHPZNNP6Z,3104.367779
PCSE98DZU6XXGY3C,6530.775548
NKCE4PZ6UJQG9QQE,1888.187629
PASEA46QFBTUGATC,2311.876471
CRTECN2QZAQWXEKU,3436.851822
CRTECN2QUHEXQ5BG,4976.436069
CAGE9ENYESDHRAZG,5165.899335
SLIEHUFGN6EAJZZV,4876.462793
BRAE7KQVPZXEUTHY,8012.983827
BRAE9RDPFQQHHNNE,7292.140328
SHIE853ADDAHYSFQ,6615.288791
PCSE9HAGHNGNRHZD,12589.258342
WATE7VE24DXUPMAG,8573.098113
PBXE4WZJC3ZN8NFC,10048.316387
CAGE6GQCC6YG7FTD,7012.410285
PCSE6SJGNDGTHPGR,2920.592987
TSHEGCZTUAZAYE7G,3502.908022
PCSE9YCZXDYVMBYZ,4233.595715
DREEDR97RXXXSZXX,2828.550137
BRAE8UZGGRVBCEHM,8073.774296
PBXE5YG7JZP48WAF,6207.071592
TOPE4NB7QJFGX4PV,5604.372143
NKCE6SR49QBZZHMP,9988.273106
ACCE8XZMFNFCDPXE,6388.588083
NKCE45SJXTBHBFPX,5209.817187
CRTECN2QVVZWDMVZ,2933.23894
MUGECEVFM93JBPEW,3815.950676
PCSECV3F9MXQZH3V,0.0
NKCE2RPCH7YGSPX9,5863.366224
SHOECVMMYCMGFZZP,3503.015623
SHTEDFFJMHZWSYT2,4392.902542
NKCEAZ6FBHSGCGAN,4628.007833
NKCEGZZGGGDCERGH,6996.536362
NKCDU4RZZAMFHSQY,3901.462199
CAGED6YFXAHXJSDH,4918.133434
WCTEHU6FYRC6WWCG,4055.990626
WATDZ5HGFJCH2FGY,7720.243512
IDMEHY86YP4NFZUG,3702.282643
NKCEFERXYKGHFACG,5078.898502
PBXEDDEFFMKZM3HG,0.0
VLBEJKMQ9QZS8ZXH,0.0
DREEG9JRZUZM5CBH,5638.081269
NKCE6GJ5JHFKSM6T,5680.851779
SHOEG5XHVBSU5BRW,4608.536714
BOTEEWFAGTNGUQ5A,4859.44968
ACCEGUY9XYXUMRDA,6525.320593
CRTECN2QUBFBECYZ,6805.586652
CRTECN2QSWDGMGZZ,4137.379628
SHOECSWQCEZRR82X,1312.198165
WATDZ5HGGUGHEZMH,7151.054044
NKCED8EGPHGKRPBH,5997.717906
CWDEGNNW8YCD2VHQ,5470.543321
PBXE89GKDPBANA86,726.348555
ACCEA7PVQP8H27UH,1689.207097
JCKEEB5YX5Q8HYBM,2903.815286
CAGE8PKGVCNS7JCH,5837.752549
NDNEBA9VUFJGTDEE,0.0
BLUEJQRHM9VA48GF,5822.674247
PCSE6SJGCFMBG5PU,6992.331023
SHOEJP2GGGP2GGPB,3592.803625
CAGE8TQ8A7TPFYZN,2466.5965
TSHECHFVV3F5FHK2,3923.314015
TOPE3NVYHZNAEPHA,47.801646
BDGEGEGCZ5ZDXBX9,10490.646363
PCSE3YFFCYQVRNYX,5885.543824
CRTECN2QW9H2NWF2,3395.931761
TOPE7ZHY4ZX6VHYU,4433.440741
NKCE9GY4ZH4Q4K69,0.0
KLSEGTBP3VQPZTHF,3822.500381
BRAEGGFEQRWYDHHK,4518.410497
PACECF9NDZG39YPR,4878.705838
SNDEGZ8XGC4BWUZF,5701.569589
CRTECN2QZVM6SHSJ,3071.692013
SFFEGJZHZPYSE7YD,4110.73687
NKCE9YFBJMTVANBC,1398.060454
BRAE9WYJXR43VESQ,2159.444282
FABE7D5ZSVVRPG75,3783.638635
ETHEGNMSZPZDZC6T,3265.338828
CRTECN2QWRACCVZW,4582.141386
CRTECN2QT6ZMHHHH,3137.911863
PBXE8W55A32CHXZD,0.0
SUDEGGAVHGYEQJAH,3147.461022
NKCEAZ6FXQFHJH2Z,0.0
NKCDYFHQAKQ62MHT,3212.695311
PTPE7H5JD4MH5T4D,4128.343
SHIEBQ8W6KQHQG6J,6029.989214
TKSEEB9MNUGDS9DZ,4003.790945
BRAEDAGATZZKMRNY,2570.986352
CPIEJCN3ASM9ZRXE,4266.957095
RTRDQGV3ZTKAZTPD,4421.627693
ARPEG54NHHJDT9FZ,4968.139693
ACCEBUEKVFFUX2DE,8053.64815
TSHEGYDYGFHGSHGY,5866.970728
VLBEGZ7SBMDMYTXZ,5993.851838
TOPE8ZAF4NMCGHR3,3103.613138
BRAEDQEDVYJV64GV,7841.389727
CRTECN2QSXKNSX8Z,3216.93188
BRAE3Y4ZP6GF4JKT,4476.137691
SHOEJWNPWBWCE7HQ,2197.189765
SUDEGVG6PJKDGW2Z,549.815697
WATEBS5YABDG6ART,5007.034079
JEAEGE8QCDDXCXFG,5339.907829
JEAEGFMHRSUHCHDY,11480.94757
SHOEC8QGTYTSYHRC,5507.568982
NKCECZJQS73UZGX3,3185.699535
CAGE8X8X5QEP5BWM,5211.014043
SHIECHC2G6B7JPTP,1609.524365
PTPEATF8HNUX8SGY,4337.247632
NKCE8BG8ZXHRZN9G,7364.001506
BRAEBG4ZBVZDWG8M,1950.686063
SNDECV6YCADQHMUQ,6578.288765
NKCEB98TYYUZE7BQ,5106.408849
TKPEJNSQMHREJYRD,5417.889124
NKCDUYA5RGAGR4PY,3931.161339
CRTECN2QSQX5H4GM,4426.520556
CRTECN2QVNAWZZHZ,3941.408989
NKCE6SR4YVMYZMGY,9814.349961
PBXEAJVRV5HNMDTR,0.0
SFFEGF6KZ9PPM4SN,4703.545138
RNGDY8PZCQHBYA8U,6685.441498
PCSEAH5W7RFFGKFN,4961.342168
RTRECZANMW6UAQ5A,4273.766232
PCSE9R3UWEMF57RQ,8767.177528
SUDEGGB4EZEJ7ZPV,5035.188708
BRAEBBMQZJWQQFEE,3612.599998
CRNEJB4NE9FYSGBR,3107.802688
NKCDR6BHVPTCG7HA,9538.13179
PTPE4JYTBXSZSZPF,3576.764002
ACCEGGAF75RZUBTU,12181.040551
NSTEG358AT2YQVV2,4858.900708
ACCEGKXQ9ZFSWKMU,1108.576763
SHOEBG6ZUGTSDGBU,4839.248486
FABE92NVJWFVRWTZ,3855.699065
ACCE8XZMEQ5C2MU7,5365.465506
SHIE2XDXPYYGJJZN,0.0
BRAE3RFCGHJGVJ9Y,8828.593988
NKCEA5FH9ZB34DEE,5794.254053
BRAECFAQXWGHUZDQ,2233.050915
SNDEBG864TPNPGSE,1395.01129
SHOE3MYBTPZVTGYM,4783.894748
NKCECW7BGWYRZ3BP,4286.56037
ACCEGGAYF5HTP4RG,0.0
BRAE8RSAJKCPQ4WP,7261.229312
ACCEGXK4RRVYHJZR,0.0
CRTECN2QWHKJ3PBU,4438.218074
DREECUW7PKBTZPRA,3985.691245
PCSE6SJGZWXPQY9G,3042.98452
WATDZ98SPFAQVHWR,8306.657337
CRTECN2QZ2HFUHH5,3318.618042
CRTECN2QS7YHAKV2,2511.387644
NKCDU4RZNVATGYZZ,2057.786647
TOPE7W4CTFFFDQBH,4234.328301
NKCE7MMGDBM6ZYT5,3946.00604
FABE92NUSYEWSG56,118.439704
NKCEFFFPZC5FFNSY,4526.243154
BRAEGGER5HFB7YXT,7742.319819
KTAEGFPRCCS46ZMA,3428.536939
SUDEHYGUBYUKVZYJ,5636.051955
SHIEHZRCHVFEEVMR,6135.291675
RNGE9HEA2SSEK9ZD,0.0
BRAE74BRYKNFVGQE,2566.743943
AVCEFURSJBG924HG,20.006867
DREECZJEPZNGBSFZ,3947.773321
SOCEJPT5QW94BHWE,1909.056143
ECOEFYFCC2BUSBN5,3335.122113
BRAEA7GBQR7ZZN4K,2569.230137
TOPE5N5ACWGNUWBY,8651.119403
BRAE8X2ZW4ZPDQ7A,5973.699705
PELEJWHBZZHFCF4H,5331.607299
PBXE6YVW4CSQGJPS,3661.195227
NKCE5WSJTHTHQFUG,4231.718049
PACE5VYXKSZZ8GKF,3308.461267
PELEGWXGPG8UEXPN,3439.994243
CAGE7CZRJ39MZ33R,3501.791984
CLTEGE4SGRTVHXAW,4401.125962
PCSEAH5WZB8HNWEG,6293.243799
MUGECEVFKB5RER6P,4070.14289
NKCE3H6BGY7BF6K9,7468.995634
CAGE7CZRW6MNSUH4,4935.406969
RTRDMNVFYZZBXT3G,3322.433669
CAGED2W2SHVURMZH,5632.395064
BRAECTFYYHAUWR3A,2548.749054
BRAEAR7WUVRVUAHY,2257.128561
GUAEJGQCH9BNFH2J,6439.479965
MATE49ATZAJFGTHF,957.164774
NKCE8SESTHKCG7FW,5934.029204
PBXE9T4SWW4HSFGJ,0.0
TSHEHU5RY4T3XXQZ,5358.658032
SHTEE72RZN4TVPUY,5459.762994
NKCE8RB5Q2SERPVK,0.0
PBXE9YWGTTTX6KVV,3712.968931
NKCDWBPZTRZJTVR2,3142.069813
NKCEGHR7YXJD3QVA,1797.067118
SHOE3S9BYE5XWSKS,6042.20307
DRPEHS7GGAEJHWGH,3.127372
TOPE7DNYTYVKXH8X,4570.032332
CRLEJ6B76SJP8ZVG,6800.68601
BRAE74BREFRNXRYB,3421.138915
CRTEA7HABNRWRZSV,3063.050751
TOPDX9TF8EH63HHG,4012.28729
ACCEJ6TESY6AFW59,4255.869265
CRTECN2QZZJVMK8M,4348.781735
WATE3NWHWHGSECNQ,10342.315326
MUGEACY8EXQKEZ8J,3932.510652
SUDEGGB5XKHZ8YRV,9652.376175
CRTECN2QXUGAJF8Y,1783.871854
TOPE6ZCJTWVV9GRK,8420.293846
BRAEAHEHDB9H3E65,2290.578164
CRTECN2QVES5SGVH,4184.378584
BRAEDSGAZES3SRZ8,4132.595194
TOPE954F2MKDZFTF,1768.749455
BRAEE6YMYDZCTFHT,2737.260137
PBXEAJHVVCHEY59Y,0.0
CAGE6FYHBF3HYBWE,0.0
NKCE59YWGAXY6Q4B,3056.997851
BRAECKHYSXQD8ZMC,3125.322512
SNDEHZMFFAHHZSHZ,6101.254674
TOPE9RCYS54YZNFG,4271.596914
NKCEC8AZHBUEHH6Y,3945.243365
NKCDYQ3REN9WJEAF,2952.624117
MUGEAGGKXFT23YYH,4208.844802
NKCE8HVPRWTY5JET,2910.43123
PAEE8EZHYZESVZ2H,5791.323945
SHIE8G24RUNDF63N,5676.884422
SHIEBCQZHBFMSFMK,3586.754
TOPEBCJF2D8JB3RG,3841.00059
NKCED2ZG8GMNMMSF,3476.929141
CAGE75DFBFFJZZ2P,3617.080794
KRTECQSZAZSPPJWZ,12382.370482
NKCE3Y5PHMWUUWQ3,4869.719264
WATDXFGTREYMG4ZW,2661.534759
GRKEG4UWCS4SNUSG,3018.878865
MUGEACY8MDQCWAGH,2694.593535
WATDZ5HGZZCZXDNC,9038.798526
NKCE8E6YYVEUTNGY,2966.012382
JEAEGE8RGRFHFUU7,7189.995405
BRAEE6YMYZ4D5YGS,5720.139978
SNDE7FD6YA84VHSZ,462.459197
NKCE5HYVQV5ZKAMB,5141.744385
LJGEDTGP6EVWQAJW,4749.416868
SWIEHF3H7WG6VGMR,2080.112553
CRTECUWZC4AEEVTQ,4023.772772
ACCDXH5HDZZU8QRH,6384.573217
NKCE9ABEZFFRGABC,5130.664532
NKCEAVVRRGHWXTNF,4006.626673
DREEYGCXYYZHDGDZ,3506.485897
NKCE8RB5TUKH4USX,5826.448313
NKCE96SXZGNBFP3J,7707.317527
BRAE8QNFWA34HGDX,9153.397241
BRAEDTNZZN4ER8JN,2556.918559
BRAEAW9MTDZZZBH9,5748.002367
PCSE6X3YSK6U4XMY,6181.516114
SHOEBBWKYRZHMMZN,3608.219634
WATDKB7JHUHHVMU9,0.0
WATECSYFBDTEVR5V,2975.889013
RNGE96Y2DCHGZ5AH,4689.843725
VANED79Z5THRWD3K,3654.991571
CRTECN2QWVBQNTHQ,3755.645488
USGEJPPVGZNYAJE4,7441.863031
CRTECN2QY8BEJVAB,3858.156396
BRAEDNX2YFFFVD3A,2205.672308
RNGE96Y4USHKXVCY,3444.369506
TFHECYGABBG9NRZM,7028.825666
WCKE2TFYRJA65QEF,0.0
BZREBXM8BFP6HZVP,6128.332995
CAGE7DSFVSZDYPFF,2133.331075
SHOEGAJGGTZD6HSY,4886.312486
SHOE2FQCR89ZNN8W,7375.669626
TSHEGF9YZUKYJKZG,7046.38976
CRTECN2QYZCRHWD5,2898.327195
WCKE2TFYMTCGDBE6,4138.334509
LJGEHYCBH3VEAZYN,5934.094066
CAGE76HYPAMJ7WKH,3558.110363
NKCECZJRGGSJS5MP,3310.935423
HMBEHBANHWHNQF8B,1140.706334
NKCE2V6XHV3DSGPT,0.0
AIRE9B8EKTNR8J4B,4742.359781
CAGEBTJBUKGHGBSJ,5403.847345
PCSE7B6U2VYJZWSQ,12859.492518
CRTECN2QX3VH7RD5,2331.263378
SHIEGQEQ8X5DPEWU,0.0
NKCE38HEJPZSGBDZ,2781.721515
BRAEDQEETE3Y2CZJ,2430.006963
TSHEJQ22W8XPPGGH,889.383182
CRTECN2QYTQNTVFH,0.0
SHIEGHNCZBRTKZCR,4581.465614
NKCDYQ3R3YGZZYGB,6285.218878
SNDEJCWXXFWQRCJU,5398.517062
BRAEGG4PJFZEHY5T,1932.088312
NKCE4PZ6YXXW7SPR,3608.832143
BRAEBG4ZXJNSXVNM,1707.748463
ACCDYDY6PBZGPYDT,12066.287867
NKCE3JRMBSUGXDK2,7234.399693
LJGE9TGNDH2E4VRH,7448.214686
SRTEGWKMWDED9GFW,1996.774676
WATDE9NFPB9TBVSK,5208.397993
SHOEJCZFDNVTB3RF,896.404629
BRAEGJFXYTH2MG98,4372.378446
TWTEHH2BQ29FYNGV,312.269619
SHOEHYA2U4D2FDGE,4805.70272
NKCEB774ZFTSYG2V,0.0
SGLEGBV8VZ4QSREY,6800.982092
SHOEHZMMPFYUGBGD,5527.159991
RNGEJ39US9ENJXYF,5494.026844
MUGEACY8F4ZAFQNJ,1342.914674
PBXE6ZHNEGF3VGZW,2930.377236
TLPEG6GR9HUYW3ES,1046.358146
NKCECARBX85NCE3P,3672.257251
MUGEAGGKNFZUGFN7,4623.224873
PCSE9ZPV7HAPCFZ6,7363.260128
TOPE9KJE9PVJJZZC,3810.875774
CAGEBTJB5SZDNYXY,0.0
NKCDYARBMAARKGFZ,4027.909875
BRAEBHDVMHWWJ72Z,6531.347855
SUDEGGBFA9UZ87PY,6196.222929
ACCEABW85UJZ7BMZ,7706.499557
SHOE2ZNGYDECUGNG,4983.251645
NKCE9Z2J5XF5GDCP,3704.216096
PTPEFS9BTD3YHNHF,4443.774144
NKCDWHFQ2ZBKQHGP,2462.390202
MUGEJG6SRGWSSZVS,6253.127895
TOPEYHHWTQ59WEHB,5180.126556
PACEC9FJHX2ZJJFM,4151.157539
NKCDU4RZYJ4NC2FS,3935.481719
CAGDU84G2G5AEAE5,9929.820983
CRTECN2QU9XUVRDQ,4036.725591
DRPE3N3WWNJHVVNN,2993.27576
NKCDW898GSGZQGGY,3091.48117
MUGE92Z4ZTV8UZYN,2854.712416
BRAEBCY3TP8GZGQP,4131.437362
NKCE8HBNYGFJDU8Q,6340.672892
CLTEHE9FS4UCYDGH,0.0
NKCE9PFFZZJ2JUTG,7295.41349
SNDEGJFVJAHQCENF,10505.592687
NKCE2NKZGKZ7TVUE,2828.047048
SRTEHHD7AE757FTH,3256.192995
RNGEDAKCZAZQTEZZ,2794.388701
RTRDNGVMH2ZJZRMQ,7126.227618
SHIE9FMPWV8U4RWX,2535.522136
PCSEAKVBTXB6E4RF,2068.255506
SCHE5Z57GMRHGXTD,3796.307555
SNDEJPZMCWYT5QRW,6646.854022
DREEGZ5CVEHJPDT9,5548.300394
SCHE4YST2DH7X2YC,4370.740851
BRAEDTPHBRK7YTYE,2167.831783
LIDE4YMTRHMXGXKZ,3707.725845
NKCED2ZGVXQE2UWP,3457.520163
BBAEJA4VWFFEZARG,5489.749981
WATE6S3AHZXW9GPK,8514.901757
NKCEF9GTMZD4JZW3,3599.467186
MUGEGZUMNZCKBZYS,2628.917606
KRTEC89NQNYTJC9S,2699.032718
MUGEAGGKWW34AFH6,2905.200449
NKCE7HN9XD8UDKHF,4347.170174
CAGE8X8XZCGGXQ7Z,0.0
BRAEDSKC33TQAGG2,3105.496596
PBXEBYHC4S5BQYDA,0.0
WATDYQ938HFU8M8J,3033.560686
SHOEFVT6YAKB9XTE,4546.441894
BNGEB467JXH6QER6,9964.384122
GLSEHFJZ2N9C3WYK,1319.631169
CRTECN2R5JRYASA4,4116.040537
NKCE2F5HBUPEAAPZ,0.0
SHIEAREZZWVXUBQT,5469.654252
BRAECKHYJ8HGVGHG,1835.046779
VLBEGZ7SQGDFUXE7,5239.087367
ETHEJG2KXFSM6SYG,3468.958683
MUGEAGGKZTMNHZPF,0.0
FABEH2JYVTGFEEFT,679.269014
SNDEA5EG9KPNG38S,722.459927
MTYEGZ5ZCWFARE5X,5232.407019
TOPE8XCDBUGUZWSP,2909.032332
COAEJFTZEFVYTVBG,5253.815728
NKCE9YCYAJTGZFZZ,3966.131722
RTRDMNVF7CQ3HAHU,3413.116138
PTGEGUZNXKZ8P6Z9,4886.367213
SHIE55GT4JDKEGZQ,4160.735199
TOPE7H6NK6YHDAP3,5321.952842
TSHDWUPNBPZZHHRD,7302.818823
ACCEATGZU9QWN3XR,3343.711679
TNREFBYF3NYEWX5R,12349.632235
CRTECN2QYNFWAQHM,5876.918702
KTAEJFR22QUF6CCX,8189.289138
MUGE9HRR6HVCRPZT,5795.435704
BRAEAW9KZHABYUAW,8410.837254
CAGE9ABBP3NXYEMZ,13265.283529
SHTEJT4DCZAKK3YW,4481.339439
RTRD8FPJEQRZ6BEM,1798.058059
PLWE6S4BKHB5HZD2,5273.393463
NKCE6XU6NKSZPBYC,8116.867666
TOPE5UZG8YEV39XC,1522.027476
NKCEAPCVHF2FJTCN,3259.817135
NKCEASN6V7MJ482Y,3265.565741
SHIE3QDHDTF4BMK4,6218.013358
SLTEGE83BPHD2N2R,9060.98506
CAGE6FYK6VKUMRTT,4595.047948
TOPEGGA4KWAXGTG7,3839.023321
NKCE966EVHN4AM4H,3819.768536
CRTECN2RTNAPQ9UC,3003.715767
AVCEJCJSV7YSUEGN,4546.038769
SHOEBGDMZFGMWGSD,4129.029009
JCKDXPJGDX8MMGDF,4288.020118
RTRDNHMRFZTR3ZPZ,4009.783163
NKCEFFFPSG28KBZR,5061.31696
BRAE8RSARRKPHWUY,7038.099572
NKCEBFWTZCR2Z9CK,8265.504896
SNDEHZKGKGHDFG57,3532.197139
GOGEHYHYGRZFMC9D,2256.517105
SOCEGHM6YYCTBXHS,2232.218491
SNDEGQ7NBVGASKHA,803.620875
MUGEACY8Z6RG3GPV,3469.613814
NKCE38HB3Y5YH3UF,3728.44736
MUGEB3GZ5HYHGBQT,2804.902467
SHOE6ZQFRGNTW8JX,2903.832054
CRTECN2QYZBRHJZF,4161.404274
WATECDDDQ7SFDD6K,4551.379744
BRFEGJANHRABGE2Y,5954.679941
BRAEBBYRYZBKQRKA,9180.974309
SHOECUZVNVUQ8CJF,2513.587913
CRTECN2QXB8H2ZMM,2612.058352
BRAEA5MZF4TEZZPH,4750.928199
NKCDU4RZR83PHQG7,5252.9851
WATDZ5HGJEQGGB6U,4866.561067
CRTECN2QZYZK9WYV,4931.827103
NKCEACWN5GXUC92H,2875.703709
HKHE57EHTMJCH5FT,4268.257384
SHIEFFFPRTTYYF3G,6358.177877
SCIEFHFUUSZZD24P,5522.042764
ACCDXFZXH75VJZE8,11242.940421
BRAE6Z79CG9ZH75H,6769.174916
BTCEJQYNBKZNZDKS,7164.29079
PBXECDBWKHNKGEGD,2597.451749
NKCE53HJHUTKNGUF,7797.765124
CRTECN2QYNCSMYNX,3513.673453
BLAE6DPHFYECGZ68,11561.181805
NKCEC9FM6ZZGB5A8,4193.567569
CRTECN2QYAPXYKZM,3050.498391
TMLECXEQZXPGWW7T,8288.51067
SHOE8VP932WXGCZV,3467.748125
MUGEGZUH2HDYY4XF,4101.479058
BRAEDW63EGE5VDXG,2626.948939
MFLDUKGX3Z2J5VH9,4895.236462
MUGE8TQEZKAD9WVN,2841.032757
ACCEAZCVS4YGWUVH,5481.833445
MBPEFHRYGGHJMRYW,2186.732515
TOPEDHEA9YERKGUT,2732.342231
BRAEDT7SDETZENWB,5967.772579
TROEHYUVAJ6NBBAE,2703.023948
TOPEHZNSWYHQYGUF,3683.875447
BRAEDSGAYPJFXJJ5,2595.12423
BRAE8EHTYSUXSHEM,2868.066014
NKCEC8ATTJB3QMGB,8547.310225
CAGE7DUYKHBTPZVZ,4180.303873
TOPEBKYKJZCNRNNJ,3606.719203
NKCE77RVJXKGY5HH,0.0
CRTECN2QS6YHKQ3G,4226.088628
NKCE9AZM3GVSMZPT,4863.55178
DREE9CPNYFZP9HRA,3213.35359
NKCE7Y2Y4BFFU9A4,3805.73226
SNDEDG6H5CYWWBBP,9979.107934
CRTECN2QZJSZBWGH,4163.424174
PTPE7V9ZRFFHG22K,4423.386147
TSHEJCQ2VWZAKZJ4,3223.03844
BRADM8DWKXXJDEHW,0.0
CAGE22EFFAPMZEPE,2711.0135
RNGE87FCCDJQYSQ9,8023.206445
CRTECN2QZZSR4ZVH,4755.988208
SFFEHUAUGA5GBTYZ,5687.069747
TSHE4KACQVSBXCFC,6588.491452
NKCE8NHGSHWS56FH,3698.102033
ACCEGKFHWYVFNCX5,2525.570713
TUNEA8UGGGDERAHT,16245.48167
NKCEA5FHAKKSQCK7,0.0
ACCDSY8ESXF9AUHY,11309.184447
PBXE9YWGDQYKWXRS,8748.181932
SHIEHYHHNPVZEXVZ,0.0
NKCDX3BH8FVUZAYQ,6904.789411
PCSECV3FSKC4P3P8,0.0
NKCE6UWHJPBKGHZ5,0.0
SFFEHVAVYGCD3HSD,6315.162513
KRTEJ9GHTVHHGQHM,3275.528615
USGEJPQKBNS5KDTE,4318.800513
NKCE5U69CGGXVG4C,4465.496459
LJGEATZSV5VGNDXW,3268.258702
BRAE8JUGGJMMETKY,1650.854259
WATEHYU2ZR3UTGRK,1242.068567
SUDEHYGUWDBVFRMH,699.613232
SNDE5E6BCHZCC7JQ,1129.647984
RNGDVJYNGRUMZJFT,3988.154165
BRFECHUFKHVYUREJ,0.0
MUGEBFGFEN9A5EGR,3906.609357
SOCEGKQYHGGXAPGD,3484.346067
NKCE9Z2JTCBDBXJV,0.0
PANEJQ5AMGFJKRAF,8663.829075
CRTECN2QUHKRMZSA,4012.403864
TOPECBAAP9HW5VMH,8555.028188
BRAE8RSAVVGKRBK9,3332.048092
NKCEAX7H3Y9JBGYZ,0.0
HRCEHF2C2XQKQZHM,4044.411513
BRAE3TSHZ6VEKQUG,2648.245793
STIEJPM3D8HYQRTN,0.0
LBXEHFA5TTMBMFR8,5394.587532
SHIEHGXH8GPWGWFE,5659.589728
NKCEAUABWU3Z8HZ6,3715.692872
SNDEGFJ2GD5GWVSH,5182.605955
NKCEDCT9KKXBQTND,0.0
PLLEHQTXADABGDSZ,5421.873307
SNDE6SCTV6BCGRNV,8383.277503
NKCEB7CE7G7JHQPA,4076.422769
PCSE6SJGPYFYGKUQ,6769.320633
LCHEGYYBWP4ECBZJ,9130.194795
TLPECJY7WKHYDZT5,4649.806763
TOPECJFAHFF9PB94,4093.804307
SHTEDCZWARQ2HZXX,1537.566431
SHIE86XAM3TUG7HA,5411.839385
PELEG5D24ZAYAHUJ,4908.727975
WATDYFQ559FZWRSQ,7585.557256
NKCECZPZ8WCCFGRV,0.0
CAGE9YTNZV5B3WWZ,0.0
NKCEAGXHYGDBWMWZ,3183.433672
CRTEHSS9JCJEZWCA,5710.717477
CBKEJ3AZMZGTQ9F5,1550.365204
PCSE55G4YBUXMBJK,3342.295759
RNGEBKGHZFCSNZWZ,2093.700454
CNDEGVK2ZMCGSCEQ,8400.374038
ACBEHDUATE73ZUFF,2751.020969
NKCE5U69RBZRVJCQ,3462.917847
RNGEDAKAZRSRYN2X,6641.960803
PACE5Y8Y44TKZ7RM,3976.610923
MUGEACY8VKKQ6GJ4,2525.884122
TOPE6QGAWN9YDQWZ,6419.03354
BRAEBBYRWHYKY7CM,6731.768033
BRAECA2JWQJZFHUU,3387.613347
SNDEFGEAF4GRHHX8,0.0
WATE9ZYZTKUEFFVG,7673.827746
SHIE7QCY6ZQSUF6E,5322.512418
WATED9T48YVSTAA5,3198.257503
SHIEB85ZA9EMJ4BZ,6216.889369
SHIEARR3DXE2SXRF,3859.652787
TOPEGHZ6VKKVGYNR,6188.734735
WATDXFGTFHHKPBNV,1937.389074
SRTEGWKKZNUYX7HW,7828.043302
SCREEMC7DYNN5YHF,4836.900098
WTBEJ9RTQQMB9VYE,3477.971604
NKCEAMDRQZKUXEYW,5005.235193
BWLEHTBPHRBSDEYF,8675.155269
CAGE5HVNTSEFWCW7,9420.99285
SHIE55GT7F6HYXDT,3700.436853
RTRD4D3EGBAYBG2C,682.106083
SHIE7MGDC6ECGFJ8,3765.617909
BRAEB2S8RRCWFJST,2357.590659
SNDEHZPDGAZBWJTM,711.07
BRAE7SQFUBCGUCWT,1031.311107
DREEGXZ2QN5ZKDGH,5797.685528
CRTECN2QUHW9VFFT,3050.40087
NKCE8VQHVG89RUY5,5702.384424
BALEGFWE2Z7GTDMS,3552.346511
TKPEJNDEFYSRZSXF,5736.169685
SHOEHYEAJCGEP5UQ,2703.63384
LTBEJGVNHVHPUZ9G,8915.128542
CAGE4GF7UWGZHN7J,3085.102182
NKCE4TV4VCFGY5UH,3923.78843
TWCEGJZKVYZHNE6Z,4079.841522
BRAEAZEFXHCKE3RG,6521.613207
FABE92NVWSKPDK8W,3887.346171
BRAE8UZGKMFVSG2B,6596.789354
NKCDZFJMRP2XBBTK,4328.562838
RTRDZ5PJTSHHXGME,6823.97234
NKCE7AGZESRQGFHG,2749.2004
CAGEBTJBTNGGDZQZ,4980.419843
MUGE6SYU8QAKS7UH,3846.861393
MUGEAGGKYUB8SYA5,4134.26868
WATDJTR979TAXJJZ,13432.313166
CRTECYY4ZHUZ6HNT,5014.674879
SUDEHYGUXGNXBNZM,5973.295096
CAGE3FX7XZGYHGRJ,3615.540204
NKCDWBPZ9PWWVGN2,2523.71174
NKCDXYFHNXGS6MSE,3155.957581
BRAE3TSHVMCW7NDZ,7775.043421
MUGE6S9YZ25CHZRN,3235.364373
PCSEBDFUMFZZQDJW,11441.044
SGEEG7CR5YSTGTFT,4559.354897
CRTECN2QVKZ4P6VP,3974.586161
BRAEDSGBTTMMSZZM,3243.54101
SHIE6ZSBGF3GZZFF,2638.976155
PTPE62XBPSEHCQCR,8039.020677
WATEYUZXN2DHGZ36,8080.763144
SHOECK2FYYWUT4KM,4913.546453
ACCEDTNRJXYZHZZW,6231.136246
NKCE9336FXG94XTG,2304.599054
JUMEJCDRCWWKBQSX,9444.543902
WATDZ2ZQTPKQZEHG,6954.862999
TKPEGRKHT4832GFE,3787.806126
RTRDQZMJBWHZCXZT,12007.992639
CAGE6HYJGDZQXHQD,10049.050059
SHIE8VY9ZYWPUBWV,2694.018616
NKCEABYZYMNATYGH,5137.756691
RNGE4Z3DDZ3YAKSG,6147.320748
SHOEFZXRNYJKPPYG,4660.252456
RNGEAHG8GKFRK38B,5044.036268
NKCEA4CAMNKWVXTG,5228.779256
CRTECN2QT4YABNGQ,3360.976399
SNDECYKYTBUYUEPU,8138.27418
BBAEGGDCFERYAQHU,3553.953442
PCSEDE6ZNWQCXWDY,7756.735918
SNDEJH4DBHFK4N7B,4782.988212
SHIEAW8RHVJNER3B,3688.341851
SHOE9UDJKNVSDH72,4428.574422
NKCECZJQSWTUUGXK,4190.420291
BDSEJJCKFGYZR4GS,0.0
ACCE8XZMKHTPSVFW,6580.560136
NKCECCMFZVWGAZXP,3814.258828
BRAEDUXKWHZFVQN7,2173.32648
BRAE8RSADX6YHAQT,6479.867334
CRTECN2QTVAGYNZ6,2476.521298
SNDEFKFNCHPREWPN,5688.722036
BRAE3TSHVWYHGGWH,7877.570622
BRAE8WYHNGG7ZXPM,2435.255117
TOPEHZNSDHHZDB4G,0.0
CAGE773YKTNBTMMH,8142.196145
BRAE2NF6S8WKV2FE,1676.513825
WATDZ2ZQPXHZYQZJ,5701.422022
PCSEE4H5GPSUFGGX,2885.710208
CRTECN2QYG6SNGZE,3129.123817
PCSEAH5WAEHFFNDZ,8882.74907
TOPEDFTZPFYP7UZU,4405.535683
NKCE7VKYZ8PEGCG8,4999.788501
BRAEE6YMBUAGK2FH,4805.474542
SHIECKYBQQNHZFZD,3007.004592
PYJEGN9Q9NWSUYGB,8379.972659
PBXE5ZJZY2NC256B,3319.063058
PCSEAH5WEFMRTDEX,8420.647521
TSHEG57TG27P9EZM,3742.498047
BRAEGJFXUHYZPDWZ,8079.946106
SKTEC88WSNYJKWY7,0.0
PTPE6GZRTJJCSURV,3256.073739
PACEARXTEE2R8CNT,3008.333613
LJGEYGHD2YPQHQGZ,4482.482278
SRTEH2FGBDJGX8FW,1720.137483
NKCEGGFGCKCZS72F,5856.582564
NKCE9AZMTYBWTAV3,4532.891094
BRAE5PKZGX8HNT8Z,5488.438517
CAGEBTGH3CHD9T4T,4839.061273
HRCEHF2CCUFD778C,5328.687999
DREEGSMKFEHFFYNV,5917.769357
DREEADCWZ6XFZCGJ,1101.602334
PCSEC86WZXZPEEZB,8060.016295
SSSEHFZ34KRWYGSH,2899.433809
CLDE26U5N2TSHREG,5117.565891
CAGDTSJUFVMVP3XG,6992.545923
BRAEBB6TWYYGKYQC,2424.954456
PCSE76X4K44HZ5YY,6178.034858
BRAE8TFHXNFSGZHZ,7582.41669
SGLEGBV4XF6GBWZS,3338.369731
CAGEBXZ4UGZU65ZV,1354.287728
NKCDX3BHQDPKVJ9A,3555.375423
CRTECN2QUPXANVU9,3282.724102
FFLEGEXHXGFXZAXY,6711.449476
NKCE7HN9F746GK2E,13479.088045
ACCEAZCVU9RPHNFG,6388.533445
KTAEHE9KFWXNYHFD,3062.684815
CRTECN2QY2WRVENS,6320.796668
NKCEFP3J2FKVYFRG,0.0
JCKE2HWFZD5HZRE5,6141.36062
BRAE2Z9VJ8B8FAD2,2249.845799
FABE92PZSEPSGZFK,0.0
WATEYAP3B7Z2BSYV,7150.517987
ACCDXFAJ8NGKEQ5A,0.0
CLDE9Y64GKDGAAUG,2165.099658
NKCDU4RZRKCZWYQH,1413.671376
PSIEF4ATFU6QYETN,5197.831579
CLTEJ5ZZUZKHHYDK,7236.141622
JEAEGBX2FBDMZK2N,2689.616795
CRTECN2QTXCGYGNC,4646.209652
ACCE6FZPTNC3UGSG,3043.859352
PCSEE4H5KH5KUBA4,10863.472712
CTTEH9FYJFQMB8M9,6056.456735
BRAEBXRBXYDKYPKB,3285.44755
WATDQKYFVYKGPAKA,7028.958691
CRTECN2QSTZHJTKF,1878.870225
CLTEJ5ZZMTBYXWZQ,5887.376235
DREECRS5RGQZTYNE,4644.307388
DIAEJ8FGHZ3K86JU,1012.958389
WATEHZN5BG4SUKBY,4856.428757
NKCECS3FSXUA56AU,10565.92157
SHIEBZ7UE4BXMK98,1981.552671
SMCEJV6XGQDBMGGQ,5615.222475
SHOE39Q6PDKHYY2F,0.0
BRAE3TSHYTS4FCU4,7976.705613
ACCE7ZK9GP3YCHBP,2133.036968
WATDWGAHG7AHMW6Y,3475.638302
SHIEASFWXZ6H28UY,5372.062972
BRAEDSGBPHRAHEMU,7509.888971
BRAE4ZWYGGWFKUM3,3977.075839
BAREGGF8NBTFWU4G,3087.026382
PTLEH3D3VTGUCQBK,2849.127485
BALEEZ2A4SWPXJU4,0.0
CRTECN2QW62MTXAJ,2701.091752
TOPEDTKMHEGYN2GA,0.0
WATEHZP5RHMMCBPZ,5900.559204
KRTECZHGC97Y3DGK,7686.598989
ACCE6DZCJZ3M2DAT,1126.49972
NKCEBUPHUZM4BRWF,0.0
ACCDSY8EYXYYYYVK,11054.112917
SHOE4HKYRFPHCJWX,3470.371722
DIAEEUAM8QXHB7BD,804.070093
PELEGNSQYKKHT2ZH,5416.424233
NKCECYNZ8HHZHY3N,4167.387256
BKPEGUJHJFYS4FCU,6064.663058
CRTECN2R6SGHFHGJ,6025.872698
DREECRS4FHNBDJHY,5355.902078
SHIE7BZ9XWCHEYPG,5529.696497
PBXED9Q2MZEQWXCP,10099.51992
CAGE5RNE4JVBXZBX,0.0
WATDZDGRQBXTKHPW,5057.557985
NKCE3Y5PSKAJSBPY,6600.939968
BRAEE6KRWZZGZKHX,4171.602855
NKCDYQ3RC997MHB9,6489.115627
BRAEDXUVZPX2RVVP,2747.700766
NKCE8JMCMGCHCYDG,1362.626823
SKTDDA4YREGBZDP3,6360.39627
CAGE9A68NZMEVPPE,9633.915568
BRAE6NZAQBHWZNMT,0.0
BRAEAW9HUCVYHBHE,3150.625722
NKCEYM3BHZHMYT7Q,4291.853679
MUGEACY8ZBCGS2ZF,4019.735351
PBXECUFGDMEZWMYB,1341.567407
ACCDX8ZUEWUKFHHQ,4214.135697
RNGE7GVYZGVHDS2V,9665.944992
RNGDTBQUJUCRDTCK,4314.835131
PCSDY5AHHQSXZARH,1144.050177
PBXEAZ85KCZED6ST,3218.061782
NKCE8HSQEKWFAUYS,0.0
SFFEGEZCEJRG9HVF,4101.045952
JEAEGWYDZYDRGXQF,3986.225432
BRAE8TFH9J4PHP2Q,4402.659524
BRAEB5BUYYSV9TEQ,2283.372818
AIREBB9APEFZYSFB,7596.859761
SUIEHFNUU3BDCGZN,136.165916
WATE9M3RRRKZK4FD,0.0
BRAEGJFXBGRJKXPN,7158.120315
SNDEDF6WMSQJEGFN,7455.662914
TSHEGG9KQHGQEZXS,5268.043251
TIEEHZDEDRUH6NMB,3263.941486
BRAE9C3MZZ7SKKSH,7251.58579
CRTECN2QYAWB9FPE,3755.743992
NKCE8T78YZYEQYDD,3448.785237
RTRD7XKFDBPBR6CV,0.0
BBCDPFZM6V585ZZE,0.0
PCSE5VQ3FBAPKERB,6703.20917
BRAEBADVVRBUXZGN,5573.950868
NKCECB9KEYRV2SU2,3759.070328
SHIE9GH8DZF3APB9,5036.592933
BRAEBXRB322WRYZF,9030.625511
RNGEDAKEZXMAXYKB,8573.673307
MUGEAGGKDCJHRYBY,1433.346968
NLPEJUMTYT8BP983,0.0
BRAEARZHZF7HFYM6,2408.572371
ACCE3YFFQY82H72D,7550.889993
NKCE5TFVTYJC6VMW,7008.688833
RNGE96Y3FNJ4TVSA,9161.632545
CRTECN2QTGFWHYBY,3549.978315
SNDE3SNFMHARS463,2815.951428
PCSEC86VYYXG23ZB,9849.663838
TKPEG6PZEBEYFB2M,11631.667183
PCSEC86V2P4M3TXC,8292.721814
PSRD7NKJGFMGAZQG,5154.192694
SGLEJJA6TVC2KYUH,0.0
BRAE8WYHNJ2B2ZEJ,4175.494426
PBXE6P4FHJJCQZXZ,5712.489658
BRAE3TSHZGWGT6WP,6157.423172
WATEHZP3ZA9YT99G,0.0
BRAEE4H4XNG34W5Q,3820.835023
CRTECN2QZSZMM3YJ,2030.833661
ACCDXFPFH66QGGR2,16309.573212
TOPE89Q4SYQXFGXF,3620.024373
NKCEBMDCUWFNR7ZC,5736.216447
NKCE9AZM5ZMSFXSX,3956.554358
ETHEGYSVEZSH5HUG,4088.760863
CAGEBTJBAQKZUVQD,8207.028911
RNGE7M92H9QHRKEX,9387.616938
CAGEAFDBEJY56XSE,0.0
HKHE5QUYGQAWURCP,4265.176002
PCSE4V8HN6NGMFBH,8392.026019
WATE8E8PMU6ZRZGZ,0.0
SNDE2RXYKZZAMNGT,527.966777
ACCDXFA6DYGMS3FZ,5739.344067
ACCE6DZCAGSQEW3B,7767.068368
BRAEDQEDVTAKHTX7,1840.846527
TOPEBYXVCYTBF6MX,5822.850727
PEAEETEJMJZ75EVG,0.0
CAGEBXX7YEQZQQ2J,1745.618201
BRADM8DWS52HEGJV,5576.604893
SFFEGJZQHKNFMPG6,2413.405844
TOPE45NZFFUDHKZR,5309.222428
PCSDY5AFQE42NNTK,2783.662922
NKCEANMPRRRUSPZE,3364.683969
SNDEFV8ZSKGTFAAC,4519.165252
NKCE88AHMVQHFZHU,1264.17135
CAGE6FYKGSNJWBG8,1758.533948
BRAE9WYKVTCZYNUB,1313.609712
CAGE7CZR6ZD9RT3K,9073.004542
CAGE22EEX2HKGXFQ,4257.270627
JCKEG4AKNM3HP3MG,5062.326214
CRTEA7HANRC9HYK3,8589.923452
MPLEJEG8SDGZ4GGP,2777.929463
ACCDX8ZTH89YR2ZF,6892.63489
CMTEJQYQEU2GBD2V,4247.938532
TOPEYY5YQGGRWGGZ,5257.796946
TOPEG3ZFYPPG9HZM,5071.866631
NKCEYTXEPHXSXDKM,4252.793076
ACCE6TJTBHE6YHDJ,2839.174766
SUDEHYGUSSZGDBRQ,8880.761775
PCSEAH5W6GBGTD9Z,2340.817822
ACBECFGT74DBRJRT,2993.053905
PBXE8WPTPZSCW8UP,3467.026071
NKCEC86VG3DP9ZGQ,2432.583925
NKCDYRHGGJUVZ7WC,2395.946751
TOPECUYTF7XTXND3,2914.991508
ACCEGF6WWRAUMRPT,0.0
MUGEBFGF4ZDPGTZZ,4239.635306
MUGEB7J7GPWUH6Q5,1485.791675
NKCE7MBRTAZB2DB5,8360.458129
BRAE8VUUYMWAYSCK,7373.948442
BRAE5F3KHPGUMPCW,6591.85374
NKCE69P8JR2ENBAG,2764.574883
MUGEBJ7XHN9UYUH9,4299.642288
SNDEGGQ2QZ2HMFYB,6138.772916
BRAE7YF6E3PH9JGW,5260.993001
NKCDYPDSFAFRAQ9T,6791.657162
NKCEBZNZXXAKBVMW,3266.767267
SGLEJFM3XXXGKXDA,1844.076417
SHOEJGFU7RXZXFEM,3645.879851
BRAE9G83CUBM56TA,5728.425766
PBXE9GF9XZTGMCRG,0.0
SHIEFFFPVBQK6GBH,8420.354931
CRTECN2QZ3XEUPTT,0.0
MUGEACY8NCCXXWJZ,0.0
BATEGR3ZHKPGMHXD,5676.137234
NKCEA4CAU4WH8RKF,3587.32882
ECOEH4BXGVMBYEMG,2516.958687
SHIEBFXDQYHQAUQF,5913.220282
BRAEFR6J5FJ4FUZY,5200.725975
NKCEAPCVJKG8J283,3980.051314
NKCE4VA4M2ZKZGUY,7656.403774
TSHEGZKMZYGHZPRV,6015.010263
TOPEBWGFN8MFKKKE,3659.483029
PCSEAH5WHJCJWVQE,5496.043674
BRAE6AV3FZNGNTXH,2418.261013
TUNEB7FU74F3UGVH,15244.783609
RNGE7M92BFXHH5VT,4734.946159
CRTECN2QYSAMMGRW,1870.432967
PCSE4TF4DYGDKZCT,7668.104296
BRAEE6YMRVXF3HNV,7588.325993
BRAEBCY3WXYZEGBU,5273.439428
JWSE6GH6HKQFXTTD,5309.052386
HSAEH6FCCGM7HKUQ,5003.937598
BRAEBBYRCKVHHG7Q,4961.718784
SHOEAPT3RUN6RAJ2,0.0
CAGE9ABAGXS3WZDB,5343.918873
RNGE65FGMRNRDSNH,7752.833981
CAGE22EETSQPZKZA,8085.014379
PCSEDPHM4G7WAYBA,9488.27042
RTRE2TYNWTGTPE8D,3167.044539
PTSE4ZHEZTF7UYNK,10557.068655
SCHE7YGX8SSZCHA2,399.102045
WATE6S3AZNHMPTJA,8124.800278
SHIEY6KFSWWZVUVT,4416.298878
CRTEA7HAC5HFBYGY,2938.798908
SHOECK2F25ZZS6GG,5139.940196
SHIEHZSPHYJF494X,5488.600691
BRAE77MQQGG9VQVK,2372.089862
BRAEBHDVYFH5AWYH,6835.480578
CAGE5GE5YRY2YNDV,2571.14368
BEOEGXRWE4NDBJNV,6167.707126
RTRDNGVMCGNCTWUU,5597.559529
GOGEHZ5P5XDZ2UZF,4820.733003
SHIE7MGDAS5B4JEY,3839.473458
CTTEH9FUH3GKT3TF,3420.915221
TMLECXEQ9PJUZGTY,8819.118083
PELEGNVBZXXXKDNZ,1850.371778
SHOEFSE2WAFKZFHX,5037.226596
TSHEHU5RBAFXVFHK,5307.359198
FSEEHAGGGFHQJKWB,10152.837713
SWSEDXEYKZKKEMSC,7743.138043
NKCE2MBFEMAJTEBD,2573.327939
WATE8GDGPNKRTURP,1393.799566
WATEB2FZUMQU4W7R,1503.546294
BRAE4YXVJ86CZF6F,2190.093417
KECEGTXHVYW47ZZD,4042.463188
PCSEAKVBYGBZXKNS,7879.319576
NKCE5QSZPBG9THXZ,3930.444658
NKCE6SR4GUG326DS,4396.050453
CAGE9ABAFWTJFGVY,0.0
SHIE4T77GMCNHFBC,7509.736908
PBXEACG2FBGPQKWG,3849.897957
BRAEDSKC3YRYJZCR,4199.785865
PBXEAGTNVHGQT75S,11400.813265
TOPEBTGCPSWPYGRM,7539.385857
ACCDQDYBQZPEEXTY,16998.349152
WATEBSZUTGAQBCFN,1343.140149
CAGE9ZGYNRZCKNEF,6222.928455
SWTEFZCKAC4MABVZ,5507.838218
RNGE87FCF5VXWTKH,4868.617925
LJGEG57EHMYZQDZU,1208.048659
SHOE6VH5FY6TXG62,2402.135185
CBREGH79HVGFZQYW,6280.549408
ACCDWGG3HSCGUN9V,4897.975496
PTGEGUPYWSZFTDCB,4965.065677
SHIEERWHHPMWHPWB,6170.154064
SOCEGGZ8MHX79YGA,2156.802395
NKCECQYZXR4K76BH,10486.699524
WCKE2TFYGMCEPV5G,3735.074121
JEAEG7CFYNZDJEVD,2401.376846
TOPECY77GYMZDRGX,3719.07685
RNGE5GSJTGW5V9CQ,13523.134562
NKCE49ATDNH39ZYR,10312.29807
WATDSV3UMUNAXURA,9758.395745
BRAEDFYYZUQJBTEH,4628.335609
JEAEGF6NVGBFHSHH,4702.864703
NKCDSCF3GCSWCNMP,12048.106476
ACBEHDUBQHXTPAVK,3494.866799
NKCDSCF369WABYU2,11672.568392
BRAEB2ZTUJJFFQTE,5298.172341
BRAEDQFRTQFYPJ2Y,3820.909852
TOPE8Y6THTGRDF9D,3660.451033
TOPECAE3JJMVYJFF,5043.035693
NKCE5DGMUGHTVMW5,3020.918366
BBAE9ZSFDZ5JEFGA,6076.024814
NKCEYYX9FZWBEGQF,3829.103763
TSHEGHHU6C28JJUH,6973.642453
MNGEJHG7AVRHC8VF,6545.166315
CRTECN2QYV9WPJUC,4912.86952
AIRE98PZQXREURYP,5023.009873
BRAECFARH6PZ4J4W,3333.631038
SRTEHXSHU8DXFRYM,4736.81982
RNGE7GVYGYRGX5VT,6324.118625
TSHEEDY3HY3Y2HAM,2800.81523
ACCE5HSSFHVYZFGH,3887.072947
KRTEBKQJFWMZHRRF,9949.979809
NKCEC8AC6XFX5NGF,2364.627858
RTRDGGQ754BDWH7U,2798.429941
BLAEEH2ZH8PNRD6M,7274.176361
NKCEAGXHHF2ZFZEZ,5002.245267
PBXEBKWJEADHCZVN,3748.332297
ACCEGZ66PXG5AHHJ,5175.344776
RNGEH4G46M4DTFSM,3993.576235
KLSEGUGFRDBSSEDM,2583.588952
NKCE7KY4YRMECRVN,3793.792403
NKCE6ADEKEGUHPCP,4288.061863
BRAEDSGQ92HDFACZ,6105.232057
WATEHZZXEGZEZZBQ,3711.691371
NKCE7MMG4PWWHFM7,2892.935761
NKCE9Q93GVK3B8MZ,902.928014
SFFEGZBWFGFTGYY9,6408.739838
ACCEHR4HMGHFRQAC,3075.325649
NKCE2RPCBRZFJZZM,0.0
CRTECUWZXMV2YZ9G,2839.452653
RNGE9GWQJSAAFF48,9790.873689
WATDXFGTP3FEMGEH,11000.47597
TOPE5WX3KMNXGUGM,5295.812799
CRTECN2QZFVWZMTY,1912.146791
WATE26J7Z9MEZZKH,14350.532751
NKCE5EF4H8C5MCGD,2576.733358
TWTEHH2BCWXHVTHF,3986.369399
MATEHF3PGYP4ZDPB,8336.878419
PCSEAKVBHWNWCHGU,6272.476311
NKCDRDWASY2HY4V8,8439.844164
PCSEAH5WDKWZZ2AU,5903.62779
SKIEG6VFMGKXVBDQ,6163.343632
TMKEGWTM9RBGGFM4,4836.32919
TOPEHFGNNEE2ZGBU,12709.228037
WATDYFQ5UHW3SK4N,8498.845613
NKCDU4RZDXGZHGGA,4166.890214
RTRDVFAPZMNA8CHC,501.128961
MUGEBFGY3HVWBKY4,5474.65187
ACCEGYPF35GBXNGB,0.0
CAGED6GK44DCXKZM,4825.680882
NKCE88AHRCD7KNQT,6275.193398
BRAE6ZCHAQFRYMQY,1850.461502
CRTECN2QUZSRCEN4,4109.302426
PTPE7JZCBGGKPSGS,4210.755258
WATEHXGUJCYK88TF,2079.326206
SHOEDP7ZGYFKGWNH,1417.468788
DRPEHYHMFE6G3XZG,4494.893067
WATE2FAHSMPK4TPR,4900.418199
NKCE9ZGXYYRZTXZS,9144.332539
NKCEANMPGYRNMZJP,3877.218382
BRAE2NF6XGU42KGQ,4855.55034
SHOEFPMKKVP2SVZD,4985.544245
WATEHYHPZSDEGFBT,4382.372538
ACCEAZCVBHKKDVMZ,6172.986854
SHIE4THTCWNHTZXM,5212.04021
BRAEBXRBCCJAF72G,2302.302402
WATEHZZSSCU4YXYG,3955.37714
VLBEHHW6ZWDUZNAJ,5508.294635
KTAEHE9KFCMVVSBN,3977.652487
SNDE9HRW9ZVPG9A6,7863.370745
PCSE4A2ZBHGAVCDF,3162.468962
SHOE4UC3MJZF3VFJ,4548.58319
JWSE9CZDPATTCRX7,7433.829444
TOPE8YMASZEUXPRY,5338.252092
ACCE8WYMVWNXBBAH,4028.455263
JWSEBCY4HHXYGZJG,5950.831551
NKCEDFNHMTWNTVHA,2507.688783
TOPEHZNZ9YZYYAPU,3833.157149
RNGEDAK2HFRD72HE,5600.595719
SLIEGXZYZTTSZD9C,4253.61685
NKCEDCT9X6VHCF37,3365.312043
PTPEAT32YEZ7G4BB,4436.121452
CAGDU85YYWZHHNGT,3899.272222
BRAEGJFX7PSVECHP,5090.793855
BRAEBG4DCHJMRYZZ,6795.118087
RNGE864HQQUYJQHB,5350.60035
PCSEC86VHTYFJHUW,6999.36006
SHOEBYZGZ682N4K2,2734.040139
BRAEDX66GWPY6KJ9,5750.132587
TOPDXQWEF87REHYJ,5447.384186
NKCECZG4URZY9DZ5,3845.524097
TKPEH9F5BQTQAMSC,5936.932565
WATDZ5HGF5UXGZVG,9228.725165
BRAEBBYRYTEEDDA9,10215.682651
NKCEAFM7PNFKNZSH,4195.484068
TOPE3NVYKBXFRYSG,4985.472471
NKCECGVAMX6ZGEVH,2708.717727
DREEBAQ9YMYF2Y3N,4786.629165
MUGEACY8EVX5VAMD,4484.42715
CRTECN2QSZFWPZFY,3791.738217
WATEYAP3GD6VYR5U,8045.852264
RNCEGE7HZZRPMSRF,0.0
ACCDQDYBNKEVMMCU,6166.033831
PCSDY5AFFB4EXAX6,11079.044625
NKCE9G2BHRUF9TWB,4801.824378
BRAE8TFHZJ6A2FFZ,2671.220672
CSOE7JP6ZHUG9HZR,3738.164613
JEAEHYZMPCBH3HCZ,4276.188135
FABEAJUHKKTRCNQX,3322.069711
JEAEGFMQSBYX5M4A,7052.237743
NKCE9YFCMXP7QXRN,6273.415011
NKCE9TBYPBNJYZRS,0.0
ACCEDNXYRZWBPFDF,7857.194306
SHOEHXFAMFH3PDHY,3904.560131
PACEB2XUZJWEY8BH,4738.094148
NKCE6XU6USJZXSB8,10628.865141
SWSEHTRZKX3HZCMJ,4542.373683
PCSEC86V2Q6P7PAB,6419.754584
NKCE6GJ5GD7KR8KZ,0.0
CRTECN2QUAQVZREG,3554.25643
CPCEJCCPYGHSTWTF,5864.265531
NKCEBBEYX8NWRXHA,3964.584832
BRAEBBMQWK9K65UU,2420.326532
CPCEH2BTGUYS5XJB,4269.670324
WATE3FAXGFHMASYX,3125.979064
NKCEB98T6AZZCH8H,6245.884119
RNGE7M92NWJJEHDD,6292.41544
RNGE8URWFPRT4QZ3,7119.313294
DREEFFG5PA6AVFH9,5590.029572
DREEGNWGSHTUKCZM,7553.259028
LJGEJ3G6J6Y4UUH8,5986.884569
NKCECZFZNVGGSVBT,5435.383851
ACCEGZ6BDHTWARMS,0.0
TOPEDFACGQGAAAST,4472.148796
NKCDU4RZCR2FGCCU,3765.952322
SHIEBQF6VHTX2HYZ,5836.489531
PCSE9Q6VCVMWRAPN,0.0
PBXE9A6DECDDMJHH,1531.737941
SFFEG7FXSSCPUMFQ,0.0
NKCEDCT9Y2YDXE7H,5798.00122
NKCEBMDCG3PEZTHX,10918.835961
CAGE53FSJHRA3SKZ,4014.745222
SNDEE5FM7FEKDRKR,3931.164933
CRTECN2QWM2RYWZ6,3202.1513
CPCEJMKVMKTJ3WHM,5536.117925
RNGEDAPTVZZTHMY4,5589.697943
TWTEHH2BXEHVZD7E,4698.401708
SHOEGAJFAU2N5RUR,5834.695544
TROEJF3VVVJHAGBJ,6358.360847
BRAECKHYM8BYAKHR,6435.872205
NKCEBGJZEMQ4FK2F,2562.918822
SHIE93F2DYWFVQNG,2701.477051
ACCEAZCVJZFACTYS,2170.330034
CAGE4BQYUXBFXZVF,6626.918467
CPCEJMM7HWCNNGBR,4602.574314
NKCEAVZ3KGJFW6FS,10462.14002
CCVE3Q2TBZRQYZSZ,0.0
TFHECYGAREJ2ACWS,5229.314314
CRTECN2QTH5UTZFQ,2052.925755
NKCECXEAF6GMGJTF,6261.587976
CRTECN2RFMUGEFRZ,2820.036258
NKCE8HVPHGWPPMQJ,3232.273372
MDYEHDH9HMZPANGJ,9645.919044
NKCEBFWTSPVWSGXF,765.069229
SKIEG49YYDQ2QDKM,11540.411572
NKCECZMAXJZH6XJY,8204.140833
WRSEGHG9XGHVRSJR,7064.778487
NKCE9G2BYZGJGASJ,4137.346646
HRCEGVM3ENRZXEPB,7626.619264
NKCEBGPNHGQFQWSU,4245.146319
NKCE9YFBD4MBHHWZ,5931.284166
CAGE4Y4FZ7H9JZTB,0.0
MUGEGZUNY75RZUNG,2115.860638
KRTE5RNER2AGFGCV,2770.480736
CDSEG6ANKKXHFEVX,1258.762493
SGLEGBV6ZYCNDR8F,5819.522152
CRTECN2QXZCWFWHR,3775.995828
ACCEAZCVWMCUN6MZ,2080.606194
KTAEHE9K8CQJMQCV,3005.341011
PBXEACG29J4ZFS5Y,3462.89435
PTLEHK3XF6HH8ENC,2595.186944
RTRD3849TERR75YB,0.0
BOTEEMN6NM57HSBU,3022.731118
PBXEB34ZWNXHWUGV,0.0
NKCE38HCHH7XVHZ7,564.289543
WATECGG4W76YEBUB,4446.196562
KTAEGX2WM2MBUSHJ,5668.90817
CRTECN2QZZACHGYQ,2654.320388
RNGDVVYB6RGSAWRZ,4198.223076
TSHEHU5RKERGP5SG,4928.060655
MUGE8S9KB8DUER6P,4489.476063
BDGEGEGDXYHYAJQN,6496.314522
BRAEAZEFXGVCTJJN,7277.61582
ACCDQDYBZEQG6HPZ,7786.795496
CAGE6FYKT4NSENUS,4683.969827
LBXEHYZYWMMQA6HT,5634.888541
SHTEDWTVCEUBHNJN,7894.433939
RAQDCNWAGART9UVZ,3753.621388
SRTEGYXHGCTXUBD2,6654.323906
NKCDYRHGDS3PFHWZ,2521.931658
RNGE86J7FRTSQWCR,5715.521399
CRTEA7HARUAWC7VG,3046.348952
PCSE4SFFZWMNJCAG,13554.804818
KRTECQSNY3GFESAZ,1740.037327
CRTECN2QU6HG98UZ,3187.676817
CTPEGGFSTGPEZEUZ,5523.835887
BRAECKHXH8BU3HBY,7016.246567
BRAEE6YMMWFFJNB9,1734.644416
JUMEJB3YYZM5HSPR,0.0
SHODYGFWEWCG6S88,4248.385056
SNDEDKKXMX8ZGVQR,5802.893465
PTPEY6JZGMWZF8H3,5897.610814
TOPEH3KTNUUZHJEZ,3459.35135
VPAEHT6TNFR6FWTQ,1447.258139
CAGDUNH36EAX85G8,5342.025431
ACBECFGT5ZWMXAVZ,8514.846734
NKCE4CSZWA3EAF7G,0.0
BRAE5RZ6UGSFD9HE,2292.833145
MUGEB7J7SPWJTRDC,2243.416665
PTPEFMKUTCGZB5G5,3270.744878
CAIEGP4YSZ4GNUV4,4563.770911
NKCDWBPZGZW7X3MH,5010.408976
SWSEH99SSMHCNFQ9,0.0
SPWEJ8JHFG9PTDUF,1190.661739
HMBE7G34Z5CGHWYV,2779.723302
CAGDTN27DEWJYUHK,1178.129754
SHOEYVXVYAVXACCW,3369.662554
MUGEACY8CDCZTUMD,3562.301784
ACCEJR2FXPFFX5H3,6009.641647
NKCE5MEFYG3PUGXK,3371.278209
ACCEGZ66Z3SSJEGS,1637.879631
OTYEHQ3FPHGKV36X,4091.447071
RNGEDAK8ZDN2J4FC,3689.537696
DREE74XGZFU3T8TH,3297.92824
CAGE6GQCCDSWABFT,4171.936713
SNDEDGBMM8UGED7W,9151.575649
NKCEDCT93M9UCFF4,4254.87823
BRAEBYMGFCDFCEJX,1634.959338
CRTECN2QTARWPXSU,4693.458033
PBXEDDEFV2FSNH4S,14695.559414
VESEGZRRFGMV9JRD,4946.260455
BBAEBSGBZHAAQNSZ,4559.112237
NKCEAFA9TT2YCXGF,573.526289
ACCEGYP2U9GYXRBX,4099.078899
NKCEYUVRC28U5CEK,6292.017717
SHIE9HH3AFF2GXZD,4407.146289
NKCE73V3N6ZSSGKT,1743.62458
ETHEJG9FWZ7NZ3GK,6579.506908
CRTECN2QWA68UMF7,4760.962756
DRPEHYHKJX3VJS4H,4518.41602
NKCECFGDJGFGXYK3,0.0
KTAEHETWZZ5KEAT9,1257.165761
CAGEBTJBTZ9HK4AU,1733.851835
NKCECKHYH64EPAVZ,3962.63997
NKCE9PFFUGQPHF3C,7832.956466
BRAEDSGQVKFWUWVQ,7742.558199
ACCE8XZMD6J8HBY3,6126.006394
MUGEAGGKUQE2HYPZ,2657.362652
NKCE6GKJTFMH5P4N,3430.046888
NKCE9PFFZCSSMMYC,5220.717138
NKCE9G2BZYKFA4UQ,3486.382031
BRAE6ZCKBUYE9PTV,2401.568672
DREE4DF4AD9ZZHEX,1492.374785
NKCEAY3RNC2QTZXR,2032.636251
RTRDRDPR9JHCSBGH,6606.722196
PCSE4FKCZ23EPQFS,7741.604378
PBXEBJ4N3HJZ7R3G,3319.080186
LJGEJQ4MHZZTHGPQ,4208.159715
DRPEHYHGNAF5UYUQ,4768.035817
BRAECVGYZGZT5VU5,2486.65915
NKCE7MMGPQTPZZ4H,2879.591282
TOPEYZ3FCMTYGPVF,5173.219149
CAGDU85YG8UZE7MX,2296.054495
BRAE3TSHZWSBH2UD,4836.31541
RTRD6FYY7B26SHXC,0.0
WATDGFAQCFCVSJPA,8084.786287
TSHEHU5RZMHH3AHV,5202.646745
HMBE7G33NPATJGH5,2579.97679
BRAE9RDQHWKAKP3V,7196.998087
BRAECTFYJJNYCY3X,6843.823379
PBXEC8ASYZ7YS7EZ,0.0
TOPE45NZKEMCDZXX,2011.70443
SHOE2FQCMD3TAYMF,3688.318696
BRAECZZTSHGQZXDB,3672.910789
NKCE9PFFKH97YNZH,4859.39264
NKCECGT3NM7QF8WE,6932.109691
CRTECYY4GWBEETBG,2959.241246
NKCEC8ANGCPBJRZ8,810.052024
BRAE8JUGDZBU9VR7,7164.344999
NKCEBUPHRGF95VC7,2420.010239
CAGE68FFZ2ZWZVHQ,0.0
WATE2FAH5NM8VY5A,8562.106931
SHIEHXZEFKZK3FSS,409.389627
BRAE6YVWZ6KH2ZBQ,3149.296095
NKCEF9GTBBTUSVTS,8451.727747
BRAE3TSHYRVTD8GA,5373.337054
TOPE4VR5DXAHVAG8,4458.041239
NKCE5YA94NVQ6TQ2,0.0
TWCEJFXHKFKVGPV7,6326.014586
SHOEAVPFUVHJJRHT,2753.407066
RAQDEHGUB5VZTC8H,3604.29632
SHIEBZB4D4GDYYRS,4338.566965
NKCDY44FCVDHFMHM,1734.810923
AIREFFFUHNZVZQVR,5943.256256
BRAECKHYRHKCKCKK,7593.292712
RTRDZBJ5GRMDUZ8H,268.818036
RTREBTANEFURUPYE,6190.92756
NKCE7ZNGGKGZKEYG,0.0
NKCEAKKRNRCZZDV3,4998.596767
FABE92NVEAZSZ5ZP,4574.442204
NKCE9QTMY3BFZCQD,3319.681896
LJGE9TGN9YHYZEEF,4555.026902
WATDNJVHHKXKVRGF,5195.836749
CSPEF6X75KQDJNF2,2638.152092
NKCE4VA49YHSX6KW,7855.604228
POSEJUA75X5VGPAJ,7205.038487
PBXEA92SYTPCDYMB,0.0
NKCE3KVS9DFHXFPH,4052.841866
MUGEBFGY49MKHHRT,3135.485121
HACEGPF9FDKV3EPK,5422.013551
TUNE6BCYWTRKGGKA,8496.787661
PCSEB3FAUUWKEPEF,7757.58565
NKCDU4RZ2GGYUJGM,1426.593747
TOPE8N3AF8HQ4GYA,5852.757928
PBXEAFRYZSFHZ2CP,2383.747011
CAGE9ABAQS8WKHHY,0.0
CRTEJUA3CYHVYNHD,5764.367893
PCSE4V8GWTGYMVFY,6003.224541
VASEG3YYGEKHXWN6,3713.595101
JEAEGGED6PZQCGTQ,2383.293173
SNDECRS4R3DV9QXU,6600.798838
PBXDT4FTQGZGVCNC,2990.627148
BRAE6AV3ZZQHKDCN,7263.732872
CAGE8PKGBKNCYKJK,1190.871704
CSOE2V29ZTH5A3QU,4115.822214
BRAEAW9HSZNM5URR,2009.688839
BBAEGGYMPH6QYBFF,4138.447735
WATEHYVPGMHURTKG,3435.173183
PCSDY5AFGFAQNCY9,3774.510752
JCKEEAEZMGBEXQFK,5492.832724
WATEYAP3S3TD5EMR,9372.147776
SHIE8M9PWUF5H4SF,6751.974563
LPBEJGFEZNV23SVG,2311.801365
PTPDXN7BGMQBZUTA,3098.722003
PAEE7ZWAGCXEKY8B,7448.346132
CRTECN2QZHEJ6WJC,3593.33635
FABE92NVZGEQ4HY8,2646.880241
RNGEDAKEG2DV5Y5D,5975.55675
JEAEGEFMHBQGU5NF,2519.094139
NKCEAY3RKEPGNWWV,3902.221307
BRAECKHYUPMRFRTZ,1126.880556
PELEGTPGEMCWUGS8,4056.491097
LINEAVE2XKZNANN3,3025.731156
RTRDNGVMAKRQKH7Y,3475.569289
NKCEFG3D8UWFGKGE,3016.279813
CRTECN2QVUET9PQ8,3267.516548
JWSE346HBDCSUGR6,4869.304097
BRAEA2E7XHZHG2AG,2320.045998
PTPE2SSXSTFH6HYY,4932.59568
BLBEJR22ZT2WUKBZ,8126.41149
MUGEBFGFRPNWGQTD,1846.197415
PCSEDP3UF6EYPZZX,0.0
ACCEGUY72CYWXAEW,4630.487313
MUGEACY8HGXBNPB7,4262.484128
NKCE5VAAU2Y7ZW2Q,702.420974
NKCED53EQTZ6R4WQ,3085.810369
PCSDY5AFPWQBABVU,7805.346514
WTDEDGHHGDEPSSRR,14991.488925
SHOEHEP5EWSGZ7XA,3846.651625
RTRECEYMHGP3JXFV,10167.91093
PSUEJA2HRBPYHA6K,2866.794323
TSHEDF3HADCJKGWD,4269.923945
NKCECGT3BZDXZ3ZH,0.0
SNDE85CH2PN36BUZ,7925.988004
SHOEFVT74G5BYHDY,786.526122
RTRDA4U7UE3Z7UMB,0.0
NKCED6EXGZZKTGD7,3685.44453
PCSEAHJCVPRUPVHX,2903.032637
NKCDZFFRZEEMHAFJ,3471.755522
CRTECN2QVVTNPXXN,1818.76185
NKCDSCF3HNMXRCF4,6783.565609
NKCE8JXSHFBBQDKY,3496.833484
SHOEF9G8CVWHRH5M,0.0
CAGE2MACSYZCWHFG,0.0
TSHEJT2R2XQJN8D7,6457.029055
PCSE6SJGQCXQGC6G,7256.188772
PLLEHQUGEB6D5FCX,4597.173804
RNGE7W8T7MYQQEFR,1759.023618
NKCE96SXDYMGSFBR,2803.080331
BRAE3TSHYGDRV2UC,1678.097726
FABEJX2NHNKCYHKA,0.0
BEMEGFHSMHZYNZB8,7096.791431
WCKE2TFF4ZYGXUMH,1048.986044
BRAEDZ9GVZHWZ5BG,7720.94747
RNGEH3F2FAPU3TAG,2423.934876
CRTECN2QTPZCMCQD,2714.90382
HACEJQ7HRGNBYCEH,4329.507355
CRTECN2QZMHEU2J3,7054.312716
DKOEAWE2SCYPC5AW,7544.811645
ARPEE3YX9Z4QGJ86,2840.542699
JCKEJNH2AZGKWGZC,4725.439073
BRFEFY5BN9VHU27H,5755.758584
BRAECKHZWAGBVZXH,3223.442154
NKCE9HF3TENMYXZY,3415.377664
PCSE4SFFJSWJZVH4,5662.445697
NKCEBHGBFEVC2ABB,6048.581564
MUGE7DUFEC3VUZMF,5514.573318
GRKEG4UVAZTGYWRB,4292.732607
TOPE4ZKTSBAEXGFR,4165.132727
PBXEAP3SWFZRHZ6G,574.170099
NKCEB5BVMYFMHAQH,2012.302186
NKCE3HG8FDBHK5GX,4120.277293
SHIE8WYNYRHSFCRR,3034.761909
NKCDSCF3QD5EGFJ2,5371.154421
TKPEG27A7Z6JWK6Y,5652.528187
CAGEYFZW7F56GWZP,0.0
FCTEJXGUNGMHANE2,7764.275595
SHIECYFWJWCCHHQS,2791.553377
RTRD6FYYUQZJBY6F,4455.590721
PACEB2XNEBZTJZZG,2460.572486
SHOE2GUHSZRGGZYY,4851.853648
ACCED55XRZT9N2HH,1368.864558
TOPEGVHJECVFBRMF,4754.530756
DRPEHYHN3MYJDGGM,0.0
RNGDXNG3HGFQXGAH,1308.665294
SHIED9AKUTQZQ5ZK,4003.70988
CRTECN2QST3Z947Z,4038.555118
RNGDWKZMKNTUBPSF,3904.612363
DREEJY2NVHFG6GCB,2745.222427
SHTE37DQJWSQ4VGH,5478.532751
NKCE9ABEYD53HSVG,5329.222784
JEAEHUHKMA8EGUUU,2399.898102
SNDEHZPDGB2ZT8ZY,4353.499353
CLTEGMUMJTPY4RMG,4909.314048
BBAEGJFQZTGFHJHD,6596.330973
TOPEEERRTBB77BXA,5408.719623
NKCDWBPZQANZRF5M,3870.838256
PCSECV3FSSB22FGE,6252.696206
NKCE6WR3ZWHWKEPQ,2737.194952
MUGEAGGKQM37W42E,3907.151832
SGLEGBV4QFHTNHE2,5134.198438
LFHDQAZP4FHGGZEM,5824.036018
CLTEJQ8FTCZAEPNG,5454.079924
NKCE6XU6DAWYHWQP,1767.543039
TOPEBN32XAZ62CTR,3336.827382
NKCEANMPATURDMHV,454.002164
PCSE6X3YCSZEG67R,17852.589265
BRAE4DHZDPMTFZHC,6949.659096
HAREGG26GDJWFYMF,1298.662212
BRAE3TSHWZREUJAC,2501.477072
USGEJPQHZHYZQHBU,5782.024901
WSCEJTDHY9UHKP5K,8654.675574
SHKEGNS9TWHJAN6Q,5083.667873
SHIE3FHYRRQGFFXN,4306.571294
SCHE4YSTYDQBDYQF,3554.23297
SHIEFFFPDETWTWZR,3338.169163
ACCEAZCVPTGEGVMR,7702.426143
SGLEGBV7VGZM7BFR,11769.053307
CAGE7BZ56MVQGKAB,2551.04932
NKCECG6ZH5MJT4B9,3007.813591
RTRDZBJ5FZSU4AYZ,4530.171574
TROEG3VYGVSB9F5H,4370.874329
SHOEHXFAM2NDZBHW,3743.574903
BRAEBBMQY9VZRC7G,6535.243094
PYJEH93NGYCXNNFK,0.0
SHIE6ZSBHCNYY2CP,3564.162262
TSHE4DNGUCMVXYUH,8490.217278
CLTEHE9FD2APDRWQ,4529.834966
SHOE6ZVUSR95HF6P,7003.839946
SHIEGPXGZTK5B3GT,5891.092971
CAGE2XC2HFSSQNSM,2701.161083
SHOE2ZNGUCA4DHHP,0.0
CRTECN2QXHEYVVTX,2677.598819
CAGDSNMD7GV2GYMH,3439.672522
SHIEC8ATXGYEJ4GD,4250.193094
CRTECN2QYASYFKGS,3025.380034
CRTEA7HAHHCSHCEM,5182.032652
WATEA2H8FTBKZGGG,18807.216507
TOPE7T4YMXRK5BVG,0.0
NKCEAKKRTHT8RNC8,3894.473349
NKCE9HF37STYM5KA,4440.383199
SNDEG6GXFS5RYFGK,9310.782517
ACCEGZ65AEVGSGZ7,232.953431
SRTEH2FVVKRBAXHB,0.0
NKCE5QSZ6FQSNBDF,3282.6448
SWIEHF3EF5PZAZUY,3443.170047
RNCEGBGW9PYRXNZY,5748.719717
BRAEDSHQ6X5YYX6N,3374.449011
SNDEHZHVMR3XPBST,4464.258217
ACCDX8ZVV2RCNYCY,2966.357382
SKIE83ADUJ28U8ET,2828.474556
ACCEJ6TEHCH7MCQ3,4324.336288
CBKEJ3ANRFJUM4TM,4709.624898
RNGEDAKBVC9TKFHZ,6102.033381
MUGEACY82GPXUBAC,2906.340168
RTRE4VNCJZ3UPGQZ,3627.681539
MATE49ATDVVEEEAN,5767.68258
NKCEAVZ3EDVJNXMT,0.0
PCSEBXFVZSYJKRCS,8190.288801
TSHEBSF9NBDWJXZW,2013.919591
CRTEA7HAQQCGTPFU,3955.321581
CAGE3FX7HWMQAPCG,0.0
NKCE9PFF3WZAZZXG,0.0
RNGE3YSW9ZUZWYQA,9319.113896
PBXECWKZHWRCZZPJ,2123.723192
ACCDXFA5QFCZZ4WZ,6505.312708
NKCECYNZGHYQEFHY,4344.271338
WATEBYZGCFGUP9HG,1427.168383
PELEGPF7UHM3WUE8,5913.186256
MUGE9HRRWZBDVHZ6,3218.074766
PELEG5CSGWYFCFNQ,88.166571
PBXEBQGMBP2VJTSQ,2502.777252
PTPE4JYTPVYZ8ADY,5775.145663
SHIE9J6PYVBW5ATG,3106.56525
ACCE5UKY6UXGVT9P,2930.392436
CRTECYY4DCRARYG9,2982.366168
SNDE8VY9K2JGMJJZ,7047.433841
CAGE225HGFQ4VSSK,6396.89056
SHIE7PD3EF2NCGBY,4290.861125
BOTEHZDGPGFHVQWJ,5324.840291
NKCE7MMGJSVN3J2W,4877.157087
ACBECFGTRZCFBJZJ,5697.499447
WATECYMJPRYH8D3E,4995.072769
DREECDCRPFKFH6EH,4932.663277
CRTECN2QVZFZWKQS,4148.960603
CTTEH9FTTMQQHD9V,637.6151
TSHEE4WNPAZGNG97,1272.189144
CRTECN2QVS6GJZHS,4525.980171
SHOEHYEXVYZRGMGJ,4541.461607
SHIE9FMPQBGXGTTH,4013.317718
CRTECN2QXRVZAMUH,14.168666
MNKDZKF6WYMMF2M5,3788.133817
RTRE63NMMRZ8MUJT,2898.373268
NKCEA8US7TNGUJPE,664.854208
CPLEHB7C7QYBDMTV,688.60022
NKCEANMPCSWGRBH5,9302.755388
NKCE8NDJ76XBRZ2H,6481.753123
LJGE9YJHTJZCQ5VP,0.0
JUMEHGYX4SXZB5K4,6005.69556
TOPE7QTUPGHXCBGZ,6129.764184
JEAEGE5F2DTDJKCZ,3321.80781
ACBEAWCZBU7RZGGJ,3775.432994
PBXEACG2NG3RZZAF,0.0
PCSECYY4ZSXXVKFD,7976.659188
SHIEBBWHC4YGH5GY,12754.865255
NKCED7FPT2YG2GGS,3991.770109
BRAE9C3HQTDHK7HA,3282.428545
SHIE7ZWAT8HEHBZX,5746.775397
WATE8H957FY57WCH,4167.207373
TOPEHZNPUWSFVHKM,0.0
ACCE7B8NZXHA5ZV9,7000.025986
CRTECN2QVBDPEQQ2,5325.658467
HACEGPF9EMXPSEJU,1404.102552
CAGED4CHGZGWRKEB,0.0
SOCEGHM6JKRDJY33,8542.5072
BRAE6ZCHDGWRDHCW,0.0
MUGEAGGKFYCFTBUJ,4715.216916
NKCE7MMGKZPBQQS2,4536.397906
PBXEBQGMSHJDXHKW,4100.513538
WADECHFGPKW3DHDX,4257.22813
SHOEG7NXNBF9PPJV,6759.955313
SRTEH2FVUHAAVH9X,0.0
WATEYAP3WGHZZ3FA,2128.741941
DREEAM8QTHGSDYJV,3881.638611
PBXEA4F5VFXHSCY8,552.954999
SHIECYFWYYZHU6NR,1928.896142
DRPEHYHJQNGXBZNU,3931.991306
MNKE75M6XXECTDK6,2468.85865
WATE9ZYZRREUHQN4,4564.204861
WCKEGM8FGU9ZT8QG,2603.121365
NKCE9PFF3GCQYWHR,932.068394
BRAE9Y5V963WTTNW,7974.794623
CRTECN2QWTEBGJAJ,4505.380921
PBXE4RB3HNFDXGGN,3743.967327
PACDZTD7YB2EUMYE,0.0
KRTEJNFUHUUXGPZT,5314.146283
RNGE87FCDRS5ZFGG,4784.09018
NKCE5H4XW2PH6KFH,7781.603925
CAGE44J5NGQHXMHF,8763.541893
BRAE3TSHZRMGEHDM,4202.012466
NKCEANMPKCEZADTJ,4283.943151
LJGEJPFEVY9GXNGG,6622.66541
BRAEDSGQVSTGKAYQ,1596.438087
HMBEJCMHXNY6SVVY,2989.492457
TOPEYQHGTHDHSJNM,3960.577909
TOPED9T33BGVTQZS,5445.333946
WATECDB6HPXBVXCF,4595.632475
BRAECPQ5HFH5NFAK,917.281576
ACCEGKXQ8XFPHC9T,4711.462848
CNDEGP52ABJZHGZY,3204.649073
NKCDU4RZXFGBQBBP,4002.789952
NKCDU4RZYKVHDKUB,6319.218973
SUDEGGB3JXAEBFYW,2276.509464
BHGEGTATDSHFENHT,4958.867178
CRTECN2QWSVZAX9V,1339.31118
BHGEGTAVWRZQTU6T,638.519936
MUGE5HG8FG7YJHMD,1624.290897
TWCEJFXHMSCXWE9J,6467.577629
TOPE8ZAFZZ6YMGFY,4795.263883
ACCDSY8EGJPW7RJB,1583.705103
SHIE6ZSBHDEBFCGM,3837.3994
PBXEDDEFTWAW3HCU,0.0
RNGE87FCDWVPDTKV,3609.866592
NKCDWBPZVFY7H9UY,3407.525454
PCSEE4H5CYRKNRZR,0.0
CCVEFX3Y9DFJVJUU,4249.435565
DREEFJ44EBBUEKKY,6616.930381
TSHEJUCY9HGZMKHJ,5280.789323
CRTEHSSCUCMVN7SP,4009.578648
ACCEGZ5PGHCDZTNY,4046.436503
KRTEC89PH6PVAQDT,1977.840835
ACBECFGTGENHAGDR,0.0
CRTECN2QUSZGGH6Q,5091.316298
SHIE45Q6SJGSMHTN,3769.716317
VANE3KUFNUEGQNKH,6382.200881
MUGEBFGFM83MRVN7,2634.030731
PCSE6SJGYMZB6CHV,14250.410698
BRFEGHPHWBTHAX2X,11151.67239
TOPEB7BFCW7YG7KG,7006.539514
MUGEAGGKJM5GUWQH,5716.998032
NKCEBFWTSMKDQZMR,0.0
WCKEGGN2J66F3KAF,5597.723663
NKCE49ATTPYAPNWB,6277.547977
BBAEJKEC2HXUHKQE,4335.985889
BEOEH25NTUDGG5TT,2529.655217
NKCEBUG2XMBRJDGV,0.0
MUGECEVFKZHBDRWM,3812.247848
CRTECN2QX6RSYSRG,1480.71109
SHOEH4GRSUBJGZXE,2776.202789
NKCEAGXHHAAGNS2H,4770.475148
ACCE3YFFWB4HHHG2,3111.577577
SHIE6ZSBWSCTKVTQ,2843.863529
BRAEAQMANF5GRRDB,8257.341916
BDSE7WQ37UVSX7SK,4483.070311
CRTECN2QUT9HQH2T,0.0
PAEEAMGFVDHGDRG5,12170.295772
NKCE5W33KFFZDSDY,3964.706751
RTRDRJF8GJ5AFZTG,3119.408035
WATDA5ZAXAP2VTGQ,11635.965019
MUGE8NZC8ZHZPNFF,3364.023372
AIREGYYZRAPHRFGD,6738.889297
PBXE68H4HF9ZZWAB,10480.221585
SNDDXFQHUDJDHZG2,5535.068685
PCSE4VAVWZZECB84,8119.563064
CRTECN2QVCCD9PHT,3157.470205
NKCEAGXHSCG9YHAY,3476.290868
NKCEBYWTBUEBCND5,4926.288926
NKCEBVFYZHDYZGHD,4604.373578
SBGEGE6TNPUX8STE,972.235712
TOPEFCVHACWGSVHY,4919.052933
SHIE8QE6RMNSGPAU,3629.603814
TOPE5F53Z6W4V2CP,3635.876489
BLAEE6KTGFDV8NGP,7815.865664
TOPE89H8PCWMHBCP,5610.290785
NKCE9ZWYZAEAGVAK,4501.514619
DRPEF2XSFBAP4SUZ,4946.737691
NKCDYHF8ZEK8ZM58,3654.62003
SHOEGRUNZPJDGG2Y,4557.333166
JEAEGFMZ7SGJWBR5,5620.93551
BAREGGF8JSE3HTF9,5098.817136
SHIECJ45TFDT4EPB,3002.809236
CRTECN2QXUBGMWSE,3382.68443
ACCDVPGKY3GBDB5P,6491.527437
CHGEJCWFY4HFYVZ8,1725.116852
NKCE9YX2HGNZSZRV,11244.445153
DREECJD8CZDDUJNU,4308.180692
PCSEC86VEBNYKRB5,9556.794125
NKCE93H2ZTHJGFVS,3089.153351
SHIE5HBGDYSHVA5R,2810.061658
DREEDVHXDYJCAEBP,10530.667591
VLBEGFFEMY8ZFEMJ,0.0
HCSEHGV96WXQCBN9,5011.92689
NKCE64Z489PQN4U4,3736.860637
NKCDYQ3RPPERYA9W,4843.46047
NKCDYRHGP2UFXMT7,3504.080674
HFCEGNQBS8P8EDHZ,5444.367785
SRTEGWKHXHCF2TME,6503.118901
SOCEJPT5ZR5ADJA5,7684.550587
BRAECFAREVYWQSQG,1946.60014
SNDEDTCXWCGDH2HA,5585.248726
GLSEHPS7UYJVYUTR,1788.306123
BRAEBBMQWBGB5ZFQ,2655.22201
PELEG5CSGASSHHBK,1368.336272
ARPEE3YXEPFNJGUZ,7076.934943
RNGEDAK7ZDCDHUZF,11354.177556
SFFEGG74CMKFQVHF,3575.805093
NKCDTAXFQMHPMUTQ,7751.822836
CAGE9ABB78YZUHEQ,8128.578395
NKCDYQ3RCVCSYD2E,3339.43511
BRAEBUHYHEYKZKHK,6779.301981
WATEBMY8HWCHMZZ5,4665.576574
SHOEBYWT3QBBAVXJ,5161.941497
TOPEFGG8TJGJ7QDT,5033.764138
VANE3YXDHDRWR9FU,6786.50086
ACCEGKFHHFX5B8HJ,3951.627799
RNGEDAPSZFBHAGJY,4798.890209
LJGEHFBTFDGHGGWD,3716.540639
NKCDRDWAZU9ZJNHZ,4629.425524
CTTEH9FWFHGR9EPK,1627.703211
BRAEBXRBH28AMHPF,7633.81791
NKCE7MMGPQRJ3PEH,3223.548531
BRAEB9SJUP6T68FB,3423.286167
MUGEAYHPFEWRVJH6,2665.986385
NKCED6EXRYZV74VY,59.705971
POXEHPSHDKBCTWCF,5189.33371
SWDEJWDGXNYEXPXF,2962.404455
PBXEAP3SVFJRZJK2,4070.672007
NKCEBP8AQZGMMWT9,5138.751673
ACCDXH5JGXMTZFTZ,7234.792553
CRTECN2QZUD25VFN,2167.803816
BBAEC897YCBZPV8H,6867.37568
PENEGGTYTYGDHXQK,5151.494309
NKCDW898UNJX5BWE,4711.249756
NKCE8ZJ2643HGFYQ,6417.060523
PWTEB7H2E4KCYUE3,0.0
KLSEGTBQ6PSU8NTG,8405.277137
TOPE7QTUDHZZZHVS,3666.358348
ACCEGZ6BY4ZPBWWV,936.234397
NKCEYUVR3MHTVGGJ,10091.933232
NKCEB2S9CGCM3CCQ,3917.509283
NKCEGGEKZXHG2ZGN,6156.685806
CRGE9667SJM3Z4PH,2169.527543
LBXEHH5WRYQQGNSM,5406.133114
ACCEGKFHRM4ZGYZP,25.426922
BRAE4VPRPHT9SYZZ,1958.153554
SHOEBDTHZDHFPHHG,4982.351109
SNDEJGYFP2AT3FMH,1396.527465
CAGDW63HG5JBCVGA,0.0
TOPEBBGNQEVQZ2W6,4404.860928
TUNE6VK2GCBPBYFW,1709.434438
CLTEGMUMNQXUEHHX,6044.588438
PTPECA2QYCZH8MBV,3538.398133
CAGEBTJCMAJG7NW3,2701.824931
SHOEDHHSRF6FMWGA,2497.335195
NKCE9Q93AZYXVKYN,6667.88282
PCSE2ZMUZH9PARZZ,1548.189502
NKCE7MBRM6JAPEAX,0.0
CAGEBTGEHMQUS8NH,6544.588507
MUGEBFGFRUMZGKNN,2743.835336
CRTECN2QVZZS3FER,2536.85792
WATDJTR93NB8HHQC,6972.648748
ACCEGSAZPGAHTHNH,4714.859566
NKCE73KHF8KTYMRQ,3954.952351
TSHEHU5RW2VDGFKZ,5468.049015
CRTECN2QUHGUJNDZ,3964.506716
RTRDNY65WHG9FHTS,8078.889403
SUDEGGB473ACY9MF,0.0
SHOEG7NWGF93MFVT,4803.30157
SGLEJJ6HEU8GVW4W,1544.026417
MNKE5YG7USVVTPCZ,2641.768475
LNGEBDTBGWTXTYWT,4948.225543
SHOE652MJRRMFBEF,2325.256101
NKCE87C3C9QYYBTM,5127.089257
CRTECN2QVJBRMHRN,3424.693962
NKCECPQAERMCV6YM,2912.334538
SCHE82QGQ2XPDCYM,4255.860054
TOPE8ZAFY82P7AGT,1170.067556
RTRD4KY4UNGYCZFG,7427.533872
TOPECRP5KCUZWYGA,3691.430572
NKCEBFWTHMVVNRDP,0.0
CRTEA7HA7X3CW7YQ,3841.260711
NKCDXHWZHPXRF28E,3511.172485
TPYEGGGZHDFZWZ2X,2012.335865
ACCEAZCV9DGDZDDD,7487.330336
CAGE7DUYEYWSYGBY,744.951832
SLBEG68TKWYVGNKT,6477.701485
NKCE7MMGWBZPZJSZ,2844.801235
NKCDXHWZGDPDJG7X,4169.856166
CAGE8XYYGMRKRRCH,7395.504279
PBXE9FEBPXAKEYAP,9443.804177
CRTECN2QZVH3J8PV,4019.613235
SHIEC8ATMHEWET32,3504.023975
RLRDY36SXZNHEQWA,5809.200546
CRTECN2QVP7WKETJ,2682.54668
NKCDSCF3PH6MPP5N,3142.317245
BRAE5PKZ8QXFHWGK,2247.246735
NKCDZHF7TKGY8BAX,3587.243881
BRAEA8YRRGJJWVHB,2286.442278
CAGED3YQSJXNZRJF,4306.073761
CRTECN2QZH9J6EHK,3501.105721
PBXEAT5YASJRMNG7,4247.912104
SNDEDGAFFSHFKZN2,9344.686898
BRAEBXRBYGYKC76H,7248.837785
VANEB97UCYGMNHRY,6550.940357
CAGE9ABAPMTWEJGH,5300.888065
TOPE8E8NJXHZ4S9N,4294.393877
SKIECYAEGGB8EPWU,5841.633883
ACCEGKFFSRRVD7Y8,1737.832715
NKCEYGTG8H79NJYY,6173.671845
NKCE5V95W2BFNBCZ,3083.742316
TSHEHU5RTMMTFVFG,5667.131521
NKCED6EYRDRJKTPC,10857.529213
SHVEGZUHGVYZBRW8,10012.458721
NKCEA5FHSF4NWKBT,0.0
ETHEGMHHGGCXMSYA,0.0
MUGEACY8U2HXTXZ3,3874.768465
SHOEC8QG3CV6YYDJ,4498.003174
BRAEBUHTPZGHB6HG,7048.524718
CRTECN2RV7NHG8XK,4448.992458
TOPEFGG8FEQUZSMS,4953.583087
TROEGZMRNERWAHEB,1497.798793
SHTE7FR4YZZ77Z9Q,6004.549956
BRAEDZA3KZVHZZHZ,2229.204389
CAGE8X8XGZGQGWVN,4455.747665
VPAEHPYYFKG4NG39,4329.898848
PTPEFJHG6SUSBPG8,5060.772579
PTSEDAZU69CBFF2M,5087.916825
BLAEFNHBFWEXG6YM,5628.442725
HIFEB7J3RCFHZ5DB,6337.084298
BRAE3TSHZWH8YWED,2971.58697
NKCEANB7H8P6QY4K,2342.888994
CRTEB774Q8HJYPMB,4754.114905
PCSDYQEVGFZSGRQJ,2471.379799
BBAEJKECZ2ZNAUZQ,7633.129698
BRAE6HUHPGFHGEER,4563.543634
NKCEFMZUGH4NG7F6,2977.432793
PCSEE4H5ZCFWZZRZ,5996.335908
BRAEB96BZWFCDVY3,8814.826145
SNDE95MFPFPJ66M6,3462.208949
KRTE9JEZ28H4ZWM4,3532.261069
CRTECN2QUTVCTHHS,5372.101484
CRTEJUA36GHKGQEY,2888.004037
SUDEHYGUMVVYKJCW,4883.606917
WATDUNJ7YKMGG9RZ,5502.137731
DIAEJUCEZNKKK4FK,3114.305969
SHIEBZB49VZZQRKK,4013.603174
TOPEAZ88AGF3KJHS,1766.391669
DREECR3HFXYFPHD4,4010.097325
NKCE8SESAZ4K8HZC,4099.601408
SNDEE5FMQ5YQAKMZ,5340.769391
RTRE9N5GJGJ2GMRV,530.66425
WATEBNXNMQQQFSQG,4358.526543
SNDE3E6YB6AZJDGC,14283.297364
SWTEAW3STNNJSKNP,10622.919536
NKCE7AGZQB7Z7UFM,3296.059931
WATE7VE2MFQWBF4H,58.292771
PCSEDCWJBHDR9EYU,1629.677721
WATDZ2ZQHSAYJPWK,8844.51184
DREECJV2GVFHGQB7,6829.974393
ACBECFGTZHFZ64PN,6262.156423
BRAE3P8YHGJF5WUZ,3112.799156
DREEDVHXSAAZSBTZ,2557.341146
ACBEB3489M4NQZBD,4782.228414
EMSEDSHQ3VU6T8Y2,3727.470461
SUDEGGATDVCMWGGH,4792.186926
PBXEBESSDYBYUGXT,8044.667039
ACCEDFVFVMKXJGGG,5882.966339
BRAE3UG9P8GJXZ2X,3534.814775
SHOEJUQFQURGGFY4,1641.75372
SHIEJYHMR7DUKT8W,3263.795912
SUDEGGATJKZYUZUP,2961.372152
RTRDZBJ5VAZG7VGC,7063.169353
RNGEDAKBZPHKHGCQ,6439.665136
BLAEEH2ZJ3G9DA7G,6113.133922
SHIEB468NVUG5HMP,7158.214395
BRAE3TSHZQDVSGYY,5062.537698
PBXEAFTPFDK6BRHK,564.445447
TKPEFT4AD3ZQZZHN,6623.857559
ACCEGYP259YXZJ4H,2706.860255
RTRE3KKXMVHMRQ6C,0.0
NKCDXYFHHPBSYJDZ,4264.619153
SHIECASQHFWX59GJ,3643.138707
TOPEGQKDATUDJTAG,5694.360606
BRAECBDFZAEZYD2Y,1569.174029
WATE4S5RZ8P5JZHZ,10354.383965
CPIEJHF6GZEM7SPY,6074.506082
CRTECN2QVMFZFNGC,3152.771443
SNDEGGRYTVYGPR6F,3032.333279
RNGEBPU7PG8W88TV,9463.442333
HMBEDCJHT4FCFKGD,7444.820425
NKCEC87S2ZAZBYAR,3360.314966
NKCEC88C4GV4UFN3,5287.628
SNDEA42M6GZNV7M3,6836.968233
SGLEGBV8BENMFZGH,4646.835674
RNGE7M92PHFGGBUJ,2097.711844
BRAE3CYXV4JGWEDA,1803.15355
CBREGYBXZKY5VKSK,424.016068
CBKEJ3AN6GEACKYR,9056.949233
TOPEBR5GNG9MACAD,4548.940117
FABE78FYGHF22FNE,6624.785088
ACCDX8ZWQFTTGZYK,10292.165491
KRTE39Q4GVHFHWZV,5730.425771
ACCEGGBTG3HMNHNA,4023.299063
RNGEGMMBCJGQGGEF,9463.558775
BRAECTFYVHHKMV9H,6275.774329
NKCDU4RZRCYAZHY7,3846.437096
BRAECFARHCG7P8WT,4725.786673
BRAE3TSHZ2XFSNUT,3021.764927
JEAEFYQHSR7BWPG9,1692.573682
WATE3HFNMGVTZEDS,5312.9876
SCHE3Z7Q3TSVYMRP,4884.243363
DIAEJUCFHWGHUQFP,3097.035197
NKCEASN6TXJGHZUE,5882.69979
WATEYAP2ZFEV2JKG,4807.862359
AVCEJCHCDNFTHSQC,5416.238763
FABE88MH3NGH8MUD,3724.030371
PCSDY5AHFNSPGSV8,4526.083588
BRAE785RYFT8WTHK,7002.26668
PANEJQ5YHAHQYD4F,3785.627867
NKCED6GHCAHTHNCZ,9284.617267
ACCDVDC8S5JWEE6X,5825.11097
RNGEDAK9YXVZV6G9,5178.98499
ACCEGG9V98NCXGPE,4913.72851
ACCEGH6RNERXNQHW,0.0
BRAEGP6SFGYKNNCD,6307.662282
RNGEBQZQGQVJZEHC,5328.131367
NKCE9G2BGNV9RDXG,3497.098243
TOPEYP876AAGE9NC,3999.455888
RNGDTBQTBEMPDBMB,5105.469115
PCSEC86VVTQJN5AQ,6986.493527
NKCECZG4EYKY7XEH,2967.552277
PBXE5YGWHMS88ZBW,3694.189431
NKCEDCT9CFG3HCAQ,5491.076124
NKCE3Y5PDN4U66HC,6499.485994
NKCEANMPKCDG8DRP,8769.577754
RTREFDXTZ4GGGAEX,3546.731503
NKCE5WSJTFZWUWBV,5005.406935
NKCEB3GZSB8GTXCT,4094.997947
NKCEA5FHBGJ9JPFY,0.0
PCSEAN2WCFR4FXVB,2876.338683
MUGEAGGKYWKB6YGX,3938.129018
RNGE7M92HHHRXZKG,8746.546971
BRAE8TFMPNB5GSF5,2556.873297
NKCEAFDAZGYPTKGF,7461.135961
TROEGZQHT4UCZVKV,4798.688501
PACE5P38T4FEUHZC,2796.509901
NKCE8E6YSG2KQEGD,3401.394959
CAGE8PKGGGHUXMEN,0.0
PBXEBJ4NUDH3PXZY,11105.366347
NKCEA5FH8FXQKFAG,4278.548336
VLBEGZ7SZTDCNGTE,10410.499993
NKCECZG4HNVBZRYY,2716.938661
NKCE9PFF5XE5AJYU,79.060688
TOPECB4EZYHC6C3B,3321.73844
TOPEBW2YNZX56YAK,5163.260306
PCSEAKVBT8SMGNXV,3527.188729
MDYEJF57MVYHRCUN,5743.080319
FABE7B2FGV9CDFZH,0.0
NKCE89MSGZ7NVZ7D,3873.403757
DRPEHYHH78DZHUZG,0.0
NKCEDCT9HMYQSMGV,3573.183453
NKCE7H5KZTH3V6AF,4281.378192
NKCE2W3WYHE8SCJD,5547.717136
NKCE9PNY6Z8VKAQY,6418.390031
FABEAJUHWGPHZUGU,6927.014516
SWSEBS2UXYZBSY2Y,5104.730977
PCSEC86VA2HGZGXW,5659.36515
BRAE9Z5TFXB7466Z,0.0
LSKE99UKDTDN7HBM,8438.725793
NKCEBHGB3FZSR5RH,8712.503033
TOPEHZNTFAHEZMQA,43.590735
PCSEAYRTZYDSPGMB,7330.262188
SUDEGGAUR7EGNEQ6,7543.057512
TSHEB72FPCF54KZU,6574.158447
SHTEJGESKVEMGRYR,661.524149
SHOE2NKQ4NXGAMYX,3863.331045
BRAE3TSHUSSFTGHN,7102.199141
NKCEAHPFWCZQQBAG,3526.684111
BRFEHTTQHPRGKZZY,5313.42692
BRAE2NF6XZZJ6EXG,3318.773093
NKCEYUVRNDSCECZR,3230.978066
PBXE84AFK5C9NMYV,4811.679086
SUDEGVG4VNMYZWXT,3429.738841
NKCE5W339WJ23R7Z,3355.759536
CRTECN2QUBGAGPCK,5762.041965
BRAEGG4P8HYHRAC9,4387.71117
SWTED625BMZKJXHP,3460.689898
BRAEB9SJZKCAY5SY,3998.042506
WATE8E8PCQJAQNAP,8927.803182
MUGECJZ2AHNZ2JHS,4232.101903
PTPEFJHGGFH7GA3Q,4073.184855
SHOEH76627H5HRHM,4750.02314
CAGE9ABA6MTKHCNM,0.0
CAGE5NGBUYYEVZ8S,477.405446
TOPEGH27GZK5XG7P,10737.301356
JEAEGFMNENQ9G6AN,2095.981168
MUGEBFGFYPNW7GQ8,2385.993549
NKCECYNZGPXQ6HR6,3993.961665
RTRDB8GKEGG5E3XG,3424.741724
NKCED6HQP5QHVGGP,1563.577749
PBXEBWY3QC5WCPHS,0.0
NKCEY8KWTM9HZKDJ,6698.782162
ACCDX8ZUCDGVWWWB,5559.249236
CRGEB5MNWY2XSW7T,6184.596234
PTPEJPZSEFCE3CZW,4829.459879
RTRDMTEPFH3EVUM6,0.0
SHOECQQFYNSCRFBR,3181.469391
PBXEBQGHT5PYSDHM,23.46933
SRTEH2FF9KEDEFGF,3552.556667
TOPE75N4JHUJCF2H,8685.503772
VAFEHQZYGH5HRJJP,0.0
BRAE3SGZXAPZKGDK,2148.380461
SWDEJXHARNREQZVK,5636.601369
SGLEGBV5ANNWWFZX,8737.398637
SHIE7BZ9CHKNXZJU,0.0
BRAEE3RMMRRFQ9AD,3205.141209
MUGEAGGKYSMHGRMH,2695.46729
MUGEB3GZ4ZYHF24Z,2563.555477
CRGEYZ5FGRTYJUT6,6114.239207
TOPEGHZ7ARZWUVFS,2384.280245
CAGE8PKGXDZFUTHH,3358.471775
ACCEDTNRXHXZKH4G,5071.637697
CRTECN2QZWHEJRGA,6176.512172
PCSEBZQ5GMBXZFCF,4527.366427
MUGECEVF7HGA3QMQ,3854.743929
NKCE6ADEUEPXCHHK,2954.464053
BRAEBBYRZKNYWP6G,2487.21323
BBAEGGDE8QWHDEYB,4611.794177
HOKE6KZCEZJFHQMY,4971.146899
BRAEBBYRXQSD8NZX,2955.003208
NKCEBF56FWWZ35HR,6520.652882
MUGE5HG8VVGMBN5M,3282.55645
BRAE5VA9GBGW7M7K,1456.332205
CAGE7TVZ8PH9GJQU,9564.102916
CAGE9ABATUHJ8G4X,9440.124433
MUGECEVF4WG8JSZ9,3347.157186
PCSE4V8HRKQH5A5V,8366.959979
NKCE4VA4FAZ7FTFM,0.0
BRAE3TSHPTKBVBHK,6230.466672
ACCEGYP2FYTWVKUB,2098.650431
CRTECN2QYKPMZGNZ,2899.079212
NKCDXEGW7APJ97YS,4276.260981
NKCE9ZVGJQNZWRN4,2718.232277
HAREGG26DYDGEYRH,4953.016566
DRPEEZNFGG9J9KAV,2596.76137
MUGEACY8EWA937QD,4060.165743
NKCEA5FHZSG4SVZP,4379.22902
TSHEHU5RPEPPZW2R,5828.849794
TSHEGF9S8MT2MVYV,3523.219444
SUDEGGB4ES3XZCKP,2318.14688
SHODPH4GEYW54KMT,5828.34777
TSHE4F2GSWVGKG4D,6345.80153
SHTEAGGFBZGZMFCF,5010.326006
RNGEH8WN5KNHEFWJ,4595.71879
RNGE9HDPGG8ZHUJZ,4309.63251
PBXE9EJKVEFQQTJH,5363.845579
NKCE4PZ6EPR4AKZY,0.0
TOPEHTU46JAHMV33,4763.808903
NKCEBFWTYSW72YJK,2469.156048
RTRDY9NVKBBNGYMU,0.0
CAGE3GFTKFNDSUJY,7347.235087
DREEAEB8XNSACHQB,4736.107295
BZREBXM8H66HR9CX,4301.078816
RNGEGMMBHHARCJ6H,2287.929876
SHIE3QDHFYNWATPT,7392.532868
MUGEBFGFYQPGRQ7Z,3726.478573
RNGDTBQURWKKGMZZ,4263.888556
AIREBA9VGER68DFH,7920.608661
SHIEB7957MQBWGV3,4157.289285
BKPEGXYVX4CG7UWX,5905.114413
ACCEGZ6BBHDP23K8,4878.404767
CAGEBPNU8TKUG6NM,2564.758353
NKCE92XFXH9HH8BT,8008.343463
NKCE9GR9GFMQ9TNZ,4996.55904
TKPEGM48GGD2QKZN,62.938236
BRAEBP5JJA24D2YS,6142.606404
CAGE6FYKDHFFNFHG,7114.571152
NKCE9PFFKZWGCJMV,2541.202392
NKCEC87RGJPXNK7P,0.0
SHODUMFYWHFYZRPY,4561.100386
BRAE7DNYSXZSXG9S,0.0
SGLEJJ7HNYDPKZ5P,5141.756492
TSHEGMWZYCTCDAAZ,6933.04313
PANEJQ54895A7GHS,8948.500688
BRAED6C5RRZJBRNP,6458.222699
PCSE4FKCGZNGNHFN,5481.844805
NKCDRDWANFDGXSSK,42.692214
MUGE9P6DPPNA4TUS,4289.390634
CRTECN2QZ7DHY6GV,3483.564325
BRAE6FMZTRTKVXU6,1916.695934
LEAE8UKZFQRUTMAG,3790.624647
SHOEAPCYWEAFSFU5,4560.710016
SNDE5TY3KAETEZVX,8086.794897
PBXEAFTPXKDJHHYN,3534.572619
TOPEGWURCXSZMQ6H,3285.106476
NKCE9Q93NGS45HGG,7185.673899
SNDEAYZZWRXJSFWH,7251.269944
NDNEJRAPFDZ3R2HG,1924.355018
PCSEDP3UUPFTQFCU,7105.41269
ACCEGH6SPZF3AHH6,4583.910848
NKCEASN6ED2AZSGJ,4665.043734
SCFEFTYSYX8BTZ4P,5083.626351
PACEAYZANXQFKGZ3,2546.131508
RNGEDAKCZHXRBG9G,6450.266166
CAGE4Y4FXXUZS4ZP,7325.368669
WATE7H4UYKQP363Z,10799.662244
CCVEFX5JZHYKHHHF,0.0
CRTECN2QSBAQ24DZ,5477.728192
NKCECHX4UCYT4MYX,0.0
WATDAZPXK8FSPGB4,10059.927414
BRAEYFDEH7WZVJVG,3238.365398
PACE43HFHCYGHYFK,4277.787835
SRTEGUA8AG9HYTAH,3213.385709
RTRE96W36WAJHRCF,3136.437466
RAQDCNWAHJK9JNUY,292.955582
BRAE5F3KGVA8WAJH,3048.265407
WATDZ5HGDFYKXHYT,2391.520716
JCKEJNEZZ2RFFJS5,5835.886271
TUNEAUVH8G8ZPGYC,8456.363771
SHOE44ZFTHMTAB6C,3886.677571
BRAEE6YMGMKH7DCZ,7587.232994
WATDGFAQBJJV2TTK,8634.052788
MUGEBFGFYM5T6KNW,2936.598071
SHOEBG6ZS2YREWHD,4622.902996
PCSEAKVBBGJAZTHM,1976.766924
ACCE73VFWU9JYKEF,3449.896025
CRTECUWZDJRHRFNK,3185.925016
NKCEBHGBYC9ZH3ZX,4412.922425
NKCEGMUCHG4CKEGB,5573.875334
NKCDXPZS8AZMWHZB,0.0
CRTECN2QZFVWFX3S,5132.887458
RTRDW77Y4D3QTBUG,0.0
NKCEA4CAWGKJ5SBV,1318.843526
CNSEHF8FGDHAGGGR,6317.335349
ACCDXH5JHWBCNQQ4,3782.494095
TOPE4DS8VQC2KCD8,830.078502
BRAE7T3WRRVYQQEG,1780.489546
CRTEB774DZGQJXV8,2107.430815
BRAEGJFXWMKWGTG5,6403.10493
TSHEE4WZVGVAMRAP,5742.289564
CGCEEFZSURUGRCUG,3244.884206
NKCE6NHRZA6ZXMTZ,5416.67592
ACCE8XZMDHKTDDTY,5842.977002
TOPE954FVTRCRXUN,4877.976518
TSHE4S257WYDXMMX,6885.714691
WATEHYW2GJW9SZYZ,2752.759346
RTRE2TYN2XUPCEVH,2993.157825
WLKEEXSVZWZHJEZW,10963.37301
BRAECKHYDVMUMAKF,1532.400499
PBXEAT5YDFMUMHGB,610.869075
SHIEBG6FHNFZ2TFP,3647.189981
SHIED3RY2QZE2EWM,3862.872434
CAPEJZVUAZAEGXZ4,4784.847484
WCKE2TFFFYHKUM68,5672.510912
NKCECJPC5HBBSFKZ,2833.710477
BRAE7NMEGDDHG3EX,2156.590165
ACCDXFPYVJCMFGET,2743.855352
FSEEJVNPNZHCXNNK,2225.859026
CRTECN2QZ4NY4SSZ,4435.018639
NKCDYQ3RYDG2GMZB,6046.197134
SGLEJCHSWBMHVVNG,5302.032504
TOPECCNVM4SN9F9C,6821.981761
NKCE74XGF3PPAZ3Q,0.0
WATE5HFYXEJRCTHF,4839.478611
NKCE8V3ZHGGGHHDH,7276.767896
PBXE9CVJ6G5NAQFH,3740.758174
CNDEGVE65UWDPCYC,4847.356047
CRTECN2QV9AZBYNG,2794.901301
NKCDU4RZPGSGYY4Q,4437.120918
NKCE9YFBR7ZAMBNJ,2950.16657
SNDE6W34GVRVHWQQ,9992.526719
CRTECN2QZCGZSGK8,3376.321799
BBAEGFHEYYMKHFZR,3501.850418
WATEAUABHVPGRBAS,0.0
CRTECN2QZVUWVHZZ,4687.427524
ACCEGH6TMFNCMYJB,4216.490567
PBXE9WEVHF3ZBQHW,8429.200392
WCKE2TFYWX9QW3YC,4926.258185
BRAEDTNZZRXBHZGZ,2462.877042
BAREGJ8B2Y3TPUWH,7891.867606
SHOEJCKBGJGZQJHN,2251.64354
NKCE9Z2JQGBBSMTM,3880.58459
TKPEHGWYVVXUYCFC,4876.161424
CRTECN2QYGNYMVY8,4502.429325
CAEE9Y64FBPZJUUH,8546.864419
ACCDSY8EMKXZM8EW,8381.146697
CRTECN2QUZBANWHU,5952.418964
SHOEDH9AS48SSFBT,3673.923948
CRTECN2QVV8ZGNWK,4435.796683
NKCDU4RZ9HWVUHGW,8803.810808
SNDEEFTGRRUZSFGJ,4859.681794
NKCE8P4V9ZQCAYZN,3229.622599
NKCE76TNSYX6ZQ9Z,0.0
CPLEHB7C7ZJGHEQU,4060.619519
SRTEGWKKQABUMGFA,5462.644026
NKCE38HBTZXEXXUG,5646.128216
SHIE3QDGUEGVZJZ8,5215.484849
NKCDY8S8ZPV4YA9S,4170.503414
SHOECXPHZSFGQEZZ,7986.639796
RNGE88FQ5SDTSFY7,4913.046869
NKCEAP3S6G8ZEGB6,2926.173428
JEAEHUHKEAEUXSRQ,4706.824687
BRAE8WPSG4FMHFXF,1905.450453
RTRE9JEGMXHZ5RHQ,5154.058618
SHIEYSPPPDGTSGFX,5290.431027
SHOECJD5WVAGAJEH,0.0
WATEYAP3FEPWZ8MH,6728.963382
DREDRCRHDXQNK4RB,5635.105283
TOPE7ZHZHT3SKKMN,5406.620006
SNDEBBK5Z6KUQZZF,1812.769776
WATE2RX9HHGBUQGA,6991.665762
WATE2HX6JQGRXSEA,2955.106732
NKCEDCT9MZNZ7D8B,0.0
SHIE8HXEEX69GA9F,3864.668567
DREDYSNRZGBFFVQ5,5181.538731
NKCEACYSTHNBFPM8,5549.709604
SUDEHYGURKV9EVVS,6206.621471
BRAEDQDFPNUQGUVG,2398.836682
PBXE829GJ3ESYYMQ,3551.086302
LJGE9TGNUKM2UGWC,5650.722626
MUGEBJ7XBXMRUHQC,3662.177639
BRAEB9SJMFKF39ZW,2376.506202
RNGE864HPZG96WNH,3770.538028
BBAEFYZ9HC3R7CSS,5337.142526
CRTECN2QZZHZH8H3,2602.105349
NKCE49ATHBGGPBDM,3047.974326
PBXE5ZJZBKZKFUTT,9109.648029
SNDEGGQ6T4W8ZGKH,12742.418704
NKCEANMPQABUFANV,3502.630315
CLTEHE9FNVRTJUGS,3207.615668
NKCE9PFFJHGX23NG,3887.117669
NKCE6KGHUMC3DZNK,5844.185872
NKCE96SXSGHZ3GZA,0.0
BRAEBUHTHHJDHGHE,6981.665648
SNDEGFJQBJWUCSHS,7692.189007
ACCDQDYBPHVQ9EFC,8065.387146
PBXE84AFH8Y5KECY,2204.092759
KHREGSDWQZKZRY3J,5140.211604
PBXECNFSCHBSHZM9,8413.406217
CRTE8389ZZJS6W9E,1140.700425
CRTECN2QZFRKZPZU,3754.734723
TOPE89KYEWKHKRDZ,1942.907744
SHIEBXSH3GADDFBP,2943.612607
CRTECN2QYZ9YX3JR,4195.713586
BDSEJJ7CMKHRWVCZ,7732.983438
BRAE8EHTGUTM8CX2,9822.374159
BRAE3P8YRJ69HFQT,8271.869762
SUDEGGATYHBGUFTF,3763.225235
NKCE9YX36WBZF9HJ,6068.599205
SUIE5GT3DSJCKEJF,5006.639566
RTRDYKU6F2GVR3CR,0.0
ACCEGH6TEZ8CAXEH,2755.112936
SRTEGWKHGMNG3WRJ,5117.159943
CRTECN2RCNAMYX2E,6837.273223
ACCEGG9Z4QCZJZFJ,4641.427497
BRAE4S2FYF4RN49J,2289.269751
ACCEAHRFFH3S7HFF,3884.903907
NKCE9JBQGG5PHQFM,4970.273936
CRTECN2QYU4SJADV,4008.451777
NKCECQYZNVJKFMJV,11020.395171
RNGDUZU5VCYXAAEM,3909.462719
SUDEHYGU9BE2XETS,6524.114303
PBXE5YGWHPQGBWG3,4412.829384
ACCEGGAYDMUYE7SK,7291.859156
WATEHVHJHMCGW3VN,0.0
MUGECJZ23GD5PE6C,3477.760024
PADEHZFHGHFQJAXV,5489.084593
CRTECN2R7EXGYGFZ,4673.931744
PBXEAJVRRK6MXXKH,2968.546907
PBXE9YWJHHERWPG4,5767.243983
WATDFFH3PGFHHZH8,14769.41178
TOPEGFXU8ZAGFGNZ,1990.072504
SHOE6ZQEB694PVM8,4024.048012
ACCE8VP6PZDUEYGP,3319.181467
WATE2FAGESM5B5VZ,6987.255833
BRAECC9JFBY5YSEY,4219.104452
BRAEYFDGSY9S9ZDW,4220.228331
PELEGPF7C9YZFKDM,4206.051561
ACCE93ZDRDSJD3RG,2962.165382
NKCE9YFB9BZZ8ZFF,11743.79353
JWSDZCHGUTXYUGZD,8797.898219
SHIE7DFNVCR8KUGP,3845.138212
NKCE9PFFXGMFX5PB,9068.880749
CRTECN2RZRH6FTYZ,2468.638943
JWSEJFMHQEMPZPGK,4642.215562
CAGDU9C3ZBMU4CGR,1339.827144
PACE5M34GBFNK4F3,6512.217259
BRAE8WYHXBEEPGDQ,3330.562065
RNGED78RWSSAT7GT,8683.461621
NKCECGT3EZHNNRAT,6846.704348
TMLED7GYYPZ3ZXGW,5408.66903
PELEJUCGUAPQRCZX,8222.072706
BRAE6ZCHHPFNBYNU,1942.159515
SUDEGGATXD4BMC2G,4822.814161
ACCEGG9Z5UB2JZYH,3307.591725
LJGEJQ4NA7BDGQWZ,4988.119283
JCKEJFPDVWBKHPFY,1595.200738
RNGEE8ZHQ4HRM5WY,7124.034614
CRTECN2QTCW9VDKR,3078.759952
RNGE9HE7BKMCZGRV,5160.982063
CRTECN2QYYFYJFTV,3066.169696
BRADM8DWSRMPPNNX,1958.540176
SHIE7VFYJHKGMXUR,3792.241074
TOPE8ZAFC7JSV7QX,4340.601819
VANEGQCWZYFZ3EYJ,6661.671295
TOPEYY5YK3WEGGXX,3979.292995
MNGEJPST4MZDZCHT,2915.396942
PYJEJMHJNXJ6NGKC,8882.608977
PADEHZFHCNQGWNNS,4023.479674
CRTECN2QTWDYRKGW,3023.938268
JWSDSCB7SN9AYB4B,8037.705376
RNGEAM4ZFGWHWMYZ,4493.361106
TOPEBRYGRZFGPMHP,2791.162978
GLSEHEHZAZEJMRVF,6204.667281
ACCDYAGVFPSCPQUY,6061.729131
NKCEAJP6DGFV8AEZ,9869.093434
CAGE7CJVGGHQYZDQ,0.0
SNDEBYH3ZR33KSAG,6666.086132
RTRDK7TWJB6RCNP9,4673.114298
RTRE38HF433WXQJD,3692.51018
SNDEDG6HNGZDZXBV,2313.141448
BRAEDT7STGZCKHEB,5548.91182
ACCE6RHG47DESW3Q,1701.998727
CSPEGMVJJDYAYQYG,4826.190609
NKCE2NKZT6GSFFV5,3402.262687
ACCEGG9UN8H6EHGA,2605.835868
WATEBJ37KBB3SEBR,3910.992298
CRTECN2QSGCA6CSF,2993.012566
SNDEHZPDSQZYASGW,4754.470663
CAGEYUXVHFYNCAYD,6952.718231
PCSE69MFRZSMYVRH,7847.853821
SNDEHZPDZMNZGHEQ,3681.147826
MUGEAGGKQMGVUVJT,2687.590778
SHOE3S9BGUAGYE5X,4575.640429
MUGEAGGKHU2G6PT8,3798.278658
SHOEBG79YJZD9C33,2753.866291
GKEE5ZZ34VYKVZEK,6752.084426
ECIEF6JYYJ4PHJ3Q,5854.732518
TROEGNRFM8FCZHHM,2718.596186
SHTEYSPQAB9KAUVG,459.433088
TWCEJFXH4EU2JZYG,8948.374711
WATE6S3AMDGT5PVG,3593.878619
MTYEJJAQYHCNKYZZ,5318.224484
NKCE845VFGMPFFMT,8744.429524
BRAE3WVQSRGWGHZV,7450.374044
ACCEKFVWTGZXG5XK,5588.518574
BRAEE6YMKFPSHPY3,2152.967451
RNGE7M92FZVK8YWH,6739.049519
BRAEBBMQWZYHZFGE,1838.534646
ACCEGZ66ATHMFPJV,803.688557
NKCE7UEX7BGCCZUY,4905.232077
CAGE5H7JE9G72SHT,7708.307189
TMLECXEQGAQXQKDG,4945.294495
NKCECZFZY9YTKGTW,6089.412865
SHIECFNXZ7W9GVYZ,4465.297944
MUGEAGGKZEFKTZ8U,4136.015962
SHOEFECFFYBYP9QR,4460.030865
GLSEHB7RQJFVT6GS,3239.852921
NKCEASCZU8K6XDGF,1801.0182
LFHDBF4BY3PS66NG,4895.081669
TOPE8E8NZP256K8G,4674.5301
SNDE8SSKSSARAXHJ,7543.789422
CRTECN2QXHGGKHWV,3878.07842
JEAE9PP49AH6PQCW,4310.711338
PCSE94FSG87ETQY2,6761.719682
NKCEANMPNFSQ2K6X,4858.678041
PCSECV3FTHYGHHHF,3134.868853
GRKEG679TVS7CSPA,4729.646493
TOPE7T5FMBVW9EFY,9741.672394
SHOECXZEHUBBZYJV,5088.562386
CCVEFV4RRNH9FAHH,3658.993264
PCSDYQEVCWZSZH8V,9141.531606
BRAE3TSHUSJJYKM7,2277.126717
PADEHZFHMTEUP8YG,4197.853488
NKCE6UWHWNCNCFQF,3653.659112
MUGE6S9YXRP8MRQC,3954.564193
WATECKYCCMXUQQMS,5922.189356
SHOEJNY2X4CUEGTM,5357.836797
PCSEAKVBCZWH8HDS,8706.729076
NKCDV9SXP4JGZDKK,2625.645958
BDSEJTHNGWVGWWQU,2876.462166
BRAEYPGFGBRMAEZA,6730.104896
NKCE8RB5WMWAWNHJ,3802.273128
BRAECKHZRU4RZKQH,6625.82332
HRCEHF2CDHYWPFVN,5562.251123
WATE8PBFJDAEDYFQ,7127.118586
TOPE8QNKRJHBNWNV,4838.535187
PBXEAJVRSJFJ2APN,4075.141794
SUDEHYGUFAGB4NYH,5347.675489
JEAEGGDJGFGQXEKV,5258.851345
SHTEDCZWPM7F8GAM,4187.853623
WATE3NWHWKVDFSDN,2277.903548
ACCECHF4VZYHA4XZ,4831.068547
PTPDVPEXSANDVSJQ,4357.019108
JEAEGHQYYGDYDBWY,2091.007121
BRAEDSKCYE7BNKZ4,5899.959904
VLBEHHWFMGCMEM4K,1634.47694
TOPEHXA27XJFNSGV,2460.747344
ACCEGH6SEMYHF34Y,4644.972953
RNGE7M922VGFBDGG,4501.097221
CRTECN2QZ4XUY84U,0.0
ACBECFGTYJ3E8VHE,5103.644971
NKCE38HBJCPPYWKH,1017.963818
BRAE7SQFKFNVCTB9,7201.368632
TOPDW7AQKZZHFCZF,4581.204916
SHIE9YDH4WHHEXZH,5743.554339
DRPEHYHMEUCSYGKA,4600.910545
RNGEHFDYGPHZ3HGA,3266.123064
SHOEJVGTSYMHYFBX,4045.046753
ACCEJGH5QTFVXQZT,5436.438488
SHTEJT4D7Y9NTWYZ,2004.024027
TOPEHZPAPFNFEHBG,0.0
NKCE52CSJEGXP6FR,0.0
PELEJUCGBEHUGMZF,10856.107871
BRAEAREZG4Z6ZFK9,4498.445791
TOPEHTU4FN9KEAHJ,5190.911389
PCSE4FKC73GEKW7W,3468.512527
CLTEGMYW2RWRDH5X,5711.72185
ACCEGH6SF89RGZQD,4090.251531
NKCEANMPGJAZ7BHE,4578.237764
CRTEA7HAXMYFVGXX,3366.883623
NKCDU4RZQRXJH4JF,1356.006919
MUGEACY8QGADG5VG,5550.998563
PBXEAXGWYNVUUQVY,3593.70961
CRTECN2QVE4KYGWY,3243.54121
NSTEJHERS3AKXUCW,4484.272981
SHIEC8ASQEPSK7FZ,0.0
RTRD8FNG6FUTFZQJ,3095.206825
ACCDXFPFEDJCKQJ3,10352.326518
BALEGFXZGSRGJKJY,3239.687585
TOPEBQGGJ2C7Y7HZ,5760.347515
CAGE6FZSZXFKQHZP,1008.981716
TKPEGFWWV9K7PMMD,7595.458945
RPEEGGDJN5D8HFRM,4601.584757
NKCE6TNZ9YGRGVNF,10449.915607
CRTECN2QSGWBHY9F,7029.274068
ACCEAHRFCDZHX2CG,8925.714592
BRAE75HSN6B5RA9V,6751.129879
TOPE8N3BAE7QWZFY,2562.280806
WSCEFE4RZ8FRPQTD,4414.838994
MUGEGWT5RGJJHSGN,5559.848095
MUGEBJ7XHH5AVZV7,3777.571885
PCSEC86VAFUTHBPX,8842.833043
CRTECN2QUTDWFYGA,2814.554787
NKCE9PFFYZYCKJFB,5026.322233
RNGE864HRQRATXWQ,4339.839455
WATE3GEY74QU9T35,1999.926913
WATE9MVXX3DZ5UKD,4150.804934
MUGEBFGFYWQRWYDN,2929.985888
TOPE9KJEYHXXNBGC,2886.226572
TOPECMKVPCH2ZZTY,4824.767333
SGLEGBV8VGCMH77F,4613.900609
WATDKB7JW7USDVZ6,2987.35925
TLPEHAKFGFC9QPM4,5375.335064
JUMEBKQJUZHCZHHM,2942.4372
JWSEEBEEHKG4ZGRG,8100.921209
CRTECN2QSUHUEZZD,4020.453554
RNGE7M92NZGZSZJQ,4277.092524
TOPE593EQJA4WW4Z,5414.69296
BRAEDGM2YE58PGPV,3822.792853
PBXEANB7QGWSP25F,3565.846835
BRAEE6YMKGHQ4C4K,3536.762301
TOPDYMSXBMBWVAS4,7698.199882
MATEHFNMZVV9HYUV,10384.62729
KRTEFG6MGMW4FQXF,1263.116825
SNDEE34XM8XB6ZEX,1645.538974
TOPE6HZUKGTFPUFP,6106.141976
TOPE954FF9KJSZZN,4340.650134
NKCECGVAZYG6SF5S,0.0
PBXE4Q7YBMXJ53ZG,2752.424124
ACCEGXDJMWKWYHPP,4556.891838
PCSE6X3Y2HSTHBDW,6585.19448
SHIEBZB4U7BKYJTU,3756.641081
NKCEAFC847CUEYZX,3758.826522
CAGE9JEFFUQQNQHW,10056.824226
TSHE8Z4HYFUWCVYB,6844.443891
NKCDU4RZURUGSZZ6,3973.046375
SHIEFFFPMFH8SZZM,4148.670175
DIAEJ6Z8BEDTGGYY,4073.052794
RNGEDAK9ZZR8MGY4,6093.091819
SNDEHZQ7BSZZJRDT,4980.525807
NKCEAP3S6TDGRDVY,10055.425539
MUGE8DTSSBPHDZWA,2802.149873
SNDEARQ3EKZNNP4M,11199.778585
ACCEGKTTMBKZT7JR,2415.679933
NKCEAVZ3QEWNHQNR,5965.932483
SHTEJRCHC5KESPYX,3409.046534
BBAEJK8Z5UD97GTP,3195.845352
PCSEDUT3FS8UTKJQ,7063.17338
BRAE3Y4ZZZJHJVHV,8213.566109
PTYEDMT4FRUDXZCP,3579.201087
PCSEAH5WZNWYJE8M,8029.709455
BRAEEG6TFTNVFCRM,2918.620072
PACEFVZZ2R8ZE5ZH,3807.154582
TOPDU2HZGVTAAQJW,4681.116323
BRAEBBMQY4T7DFH6,2823.010521
TSHEHU5RXEVXH3P7,5374.851009
WATECSW5VZSZETGS,4370.237148
SGLEGBV7K2MGEGRB,7350.084579
WATDP5NHENJGYYXF,6427.26847
SUDEHYGUYBE5KGMW,4629.254874
RTRDQZ8Z72FRMKGX,0.0
SHIEAVW5MYGJ4BRR,0.0
ACCDXH5JXWABF7GH,4203.127628
TOPE8TQDQDHZZY9S,4980.294308
BRAE3TSHXZFRYAZQ,5204.907821
ACCDXFAGYWTHWYGT,2228.833628
SWSEBGYUPTH7GSHE,6640.112365
DREE9QSVADZEKNJS,4914.5195
PBXE5CFUTETHWRZH,5801.574977
SHIED78RWUCDPFRH,5842.569198
NKCE69P8PC5VR7NY,3950.699189
WATEHYHNCANKP5VZ,6481.295428
NKCE7PZPRZFYKW3M,3918.903506
CHUEF7C3NGW54VJJ,4495.525172
NKCE9Q93CUEMGS46,5143.792655
RTRE2V3Y6FWVHDW5,3835.248589
BRAEE4UZZVMJUGE3,1927.433331
SHIE7G263EDTSDU5,4529.803568
BRAE3TSHRTGMZA44,7656.787058
TOPEHWDGQD9NR6QD,2316.762618
NKCEFMZUJEWN3HXY,2667.434845
CBKEHJUH7WPZEEGK,6153.876964
CRTECN2QXZUFSGHZ,5224.168879
SWSEBHCPAKWKRDPR,8793.933037
ACCEAMGZGAQWYYMV,4146.810762
CRTECN2QZGUQPR93,4101.271134
SHOEJBSZ8FS9SNJR,0.0
BRAE6ZCHV2ZAA9US,3488.279383
SUDEGGB28WWTGFUY,6615.204217
ACCEAHRFFKPGUGGX,4863.607142
BRAEBBMQZDMZAEBV,1539.337717
NKCED6EXXSFZGQP8,0.0
SHTECN9HFVZYP2V9,3847.808231
RTREAX3DGDRSSYFT,4160.501579
RNGE65FGK2TMUC2A,8790.561281
ACCEGZ8EWQ7RMZTZ,6838.477297
BRAE4DHZEAPXQVRG,2233.820955
CAGECHKFAMZCKPFT,0.0
PCSE6SJG9SMAGGHY,4200.293987
SNDE25SG2HRJF9JH,3104.718622
NKCEAVZ3FCDEUZHG,5316.012896
ACCEG7AG8EUZRRZY,6025.234463
SHOECH3WZHFCVZWU,4022.868965
TOPEAKYKZKRHPMHX,3840.475574
NDNEJRAZNQBZQWQK,11767.480048
MUGEBFGFDQYJG5TW,5374.715341
BBAE9K7BXFUTDNBK,3995.666969
RTRDYPA4PJHCJCGF,8692.119904
TUNE8FWQBS7TVVT7,5729.869087
NKCEGMUABCRGUZPE,3667.620516
RNGE7M92KAQWUBCS,1976.113758
